id,1,2,3,4,5,6,7,8,9,10,11,12,13,14
1017,12.71725464,12.81144333,12.86589432,12.88920212,12.88780975,12.86673355,12.83007431,12.78123093,12.72309113,12.65810394,12.58833313,12.51552582,12.44113922,12.36635971
1027,4.758888245,4.801651001,4.845680237,4.88999939,4.934082031,4.977668762,5.020599365,5.062797546,5.104263306,5.144981384,5.184967041,5.224220276,5.262771606,5.300643921
1041,3.718429565,3.725357056,3.758399963,3.806724548,3.863761902,3.925460815,3.989250183,4.053596497,4.117538452,4.180541992,4.242301941,4.302650452,4.361541748,4.418960571
1055,69.47265625,70.39703369,71.35192108,72.33790588,73.3555069,74.40517426,75.48729706,76.60209656,77.74971771,78.93016052,80.14324951,81.38864136,82.66577911,83.97388458
1077,61.11029434,61.74651337,62.40511703,63.08685303,63.7924881,64.52279663,65.27852631,66.06045532,66.86936188,67.70599365,68.57108307,69.46535492,70.38948822,71.34411621
1105,2.322860718,2.316520691,2.352584839,2.416862488,2.49936676,2.593193054,2.693481445,2.796844482,2.900932312,3.004119873,3.105361938,3.203979492,3.299606323,3.392044067
2050,25.76616669,24.92389679,24.29395676,23.78683472,23.34398651,22.934021,22.54055786,22.15488434,21.77216339,21.38951111,21.00505829,20.61745834,20.22564316,19.82864761
2068,0.569328308,0.659065247,0.76776123,0.891746521,1.026756287,1.169448853,1.317146301,1.467666626,1.619186401,1.77015686,1.919303894,2.065574646,2.208129883,2.346359253
2230,0.132369995,0.2498703,0.378639221,0.516937256,0.662612915,0.813835144,0.969024658,1.126747131,1.285690308,1.444641113,1.602462769,1.758140564,1.910774231,2.059608459
4017,51.04087067,51.32697296,51.62271118,51.92843628,52.24452209,52.57134247,52.90931702,53.25884247,53.62035751,53.99430466,54.38113785,54.78134918,55.19543076,55.62391281
5001,10.2464447,10.32551575,10.37157822,10.39659119,10.40795517,10.41040421,10.40703201,10.39986038,10.39023209,10.37904739,10.3669014,10.35417175,10.34114075,10.32797623
5027,8.370582581,8.311904907,8.281787872,8.267814636,8.262992859,8.263362885,8.266639709,8.271526337,8.277305603,8.283569336,8.290081024,8.296714783,8.303386688,8.310070038
5077,3.285575867,3.448684692,3.581954956,3.694129944,3.791572571,3.878646851,3.958305359,4.032516479,4.102592468,4.169387817,4.233505249,4.295333862,4.355155945,4.41318512
5081,7.075214386,7.139846802,7.181213379,7.210273743,7.232685089,7.251457214,7.26820755,7.283813477,7.298751831,7.313282013,7.327529907,7.341587067,7.355484009,7.369247437
5111,17.3773613,17.00198746,16.60494232,16.18991852,15.76052856,15.32086563,14.87592316,14.43199539,13.99666977,13.57850266,13.18622589,12.82762146,12.50839615,12.23141479
5137,1.793029785,1.879173279,1.98147583,2.094261169,2.213172913,2.334976196,2.457328796,2.578514099,2.697341919,2.812995911,2.924980164,3.033027649,3.137031555,3.2370224
6001,140.2023621,140.1728363,140.1324768,140.078537,140.0082703,139.9190063,139.8082428,139.6739502,139.5147705,139.3300781,139.1202393,138.8865356,138.6310577,138.3567505
6019,140.262207,140.2620544,140.2619781,140.2618103,140.2615051,140.2608643,140.2597351,140.2577209,140.254364,140.2489624,140.2404633,140.2276306,140.2088013,140.1820068
6053,104.8371582,106.30336,107.7449341,109.1566696,110.5334778,111.8705597,113.1635132,114.4083557,115.6016769,116.7407227,117.8233643,118.8481979,119.8145142,120.7222443
6083,50.57727051,50.8478241,51.12744141,51.41645432,51.71520996,52.02407074,52.34339905,52.67359924,53.01506042,53.36821365,53.73347855,54.11131287,54.50218964,54.90658569
6089,108.7786407,110.1653519,111.5136261,112.8189087,114.077095,115.2846375,116.4385834,117.5366287,118.577179,119.5593185,120.4828491,121.3481522,122.1562347,122.9085922
8017,1.997512817,2.148330688,2.293243408,2.432029724,2.564758301,2.691558838,2.812614441,2.928184509,3.038536072,3.143966675,3.244773865,3.341239929,3.433662415,3.522331238
8023,1.824119568,1.946090698,2.072967529,2.201896667,2.330749512,2.457977295,2.582466125,2.703460693,2.820487976,2.933273315,3.041740417,3.145896912,3.245849609,3.341773987
8031,140.2622375,140.2621002,140.2621155,140.2621002,140.2621155,140.2621002,140.2621155,140.2621002,140.2621155,140.2621002,140.2621155,140.2621002,140.2621155,140.2621002
8041,140.2622375,140.2621002,140.2621155,140.2621002,140.2621155,140.2621002,140.2621155,140.2621002,140.2621155,140.2621002,140.2621155,140.2621002,140.2621155,140.2621002
8055,5.204605103,5.241668701,5.27911377,5.316261292,5.352973938,5.389167786,5.424819946,5.459911346,5.494464874,5.528476715,5.561965942,5.594944,5.627426147,5.659423828
8061,1.112533569,1.223396301,1.347396851,1.480567932,1.619468689,1.761383057,1.904151917,2.046066284,2.185806274,2.322357178,2.454978943,2.583183289,2.706672668,2.825317383
8065,4.368667603,4.425796509,4.481704712,4.536193848,4.589302063,4.641120911,4.691688538,4.741096497,4.789367676,4.83657074,4.882736206,4.92792511,4.972167969,5.015518188
8067,22.14773941,21.94878387,21.67559814,21.35794067,21.01292419,20.64998245,20.27419281,19.88811111,19.49291992,19.08895111,18.6761055,18.2539978,17.82216644,17.38016129
8087,29.99751663,29.9515419,29.67940521,29.37720108,29.05958939,28.72498703,28.3698349,27.99004364,27.58218002,27.14600372,26.68762589,26.22013855,25.7586441,25.31336975
8111,0.603721619,0.719032288,0.846076965,0.98323822,1.127639771,1.276779175,1.428604126,1.581359863,1.733551025,1.883934021,2.031463623,2.175315857,2.314849854,2.449630737
8113,5.764015198,5.800773621,5.834068298,5.865196228,5.89497757,5.923851013,5.952064514,5.979774475,6.007041931,6.033927917,6.060455322,6.086639404,6.112506866,6.138065338
8115,2.390701294,2.517974854,2.641906738,2.761749268,2.877212524,2.988189697,3.094726563,3.196899414,3.294906616,3.388923645,3.479179382,3.565887451,3.649269104,3.729545593
12065,1.393478394,1.460014343,1.552841187,1.662689209,1.783630371,1.911338806,2.042564392,2.174858093,2.306365967,2.435722351,2.561950684,2.684387207,2.802642822,2.916488647
12085,25.03333282,24.90805817,24.65694427,24.34145355,23.99464798,23.63344193,23.26583481,22.89523697,22.52283478,22.14870453,21.77248764,21.39362335,21.01146698,20.62532425
12087,35.50255966,35.33511734,35.16568756,34.9924469,34.81537628,34.63443756,34.44956207,34.26073074,34.06787872,33.87098694,33.66999435,33.46486664,33.2555542,33.04200363
12101,115.8662643,116.9926147,118.0621719,119.0737152,120.0266418,120.9210815,121.7577286,122.5378342,123.2631073,123.9356613,124.5578461,125.1322632,125.6616364,126.1487579
12119,12.64978027,12.70655441,12.73236465,12.73390961,12.71634293,12.6837883,12.63964081,12.58668518,12.52729416,12.46340561,12.39666748,12.3284111,12.2597084,12.19140625
12129,12.34378815,12.37194061,12.37733841,12.36528015,12.33989716,12.30443192,12.26146698,12.21311951,12.16106796,12.10668564,12.05104065,11.99498749,11.93917084,11.88408279
13001,2.66242981,2.756622314,2.855148315,2.955291748,3.055198669,3.153617859,3.249786377,3.343238831,3.433738708,3.521194458,3.605606079,3.687065125,3.765686035,3.84160614
13021,30.01568222,29.7169838,29.4137764,29.09758377,28.76505661,28.41250229,28.0357933,27.63130569,27.19824982,26.74188614,26.27464294,25.81177521,25.36433411,24.93595505
13033,6.135662079,6.112518311,6.112548828,6.124351501,6.142341614,6.163536072,6.186325073,6.209842682,6.23361969,6.257423401,6.281105042,6.304611206,6.327907562,6.350967407
13037,-0.854370117,-0.907318115,-0.906188965,-0.862319946,-0.791038513,-0.701332092,-0.598243713,-0.484718323,-0.362586975,-0.233093262,-0.097145081,0.044532776,0.191307068,0.342559814
13073,66.9916687,67.83247375,68.70185852,69.60051727,70.52912903,71.48833466,72.47872162,73.50079346,74.55500031,75.64169312,76.76109314,77.91333008,79.09836578,80.31601715
13075,8.753173828,8.802726746,8.832309723,8.850547791,8.862182617,8.869972229,8.87550354,8.879718781,8.883136749,8.88608551,8.888751984,8.891242981,8.893630981,8.895946503
13085,6.244903564,6.350769043,6.416946411,6.462272644,6.496383667,6.524372101,6.548988342,6.57170105,6.593292236,6.614196777,6.634635925,6.654743195,6.67457962,6.694198608
13117,53.63721085,54.01172638,54.39916229,54.80000305,55.21474457,55.64389801,56.08800507,56.54761124,57.02329254,57.51564789,58.02529144,58.55284882,59.09897614,59.66433334
13127,16.74134445,16.31652451,15.87799835,15.42934036,14.97509003,14.52114105,14.07486725,13.64483261,13.24002838,12.86875153,12.53731537,12.24918747,12.00463867,11.80118561
13129,31.46749878,31.2117157,30.95545197,30.69266891,30.42291641,30.14535904,29.85884857,29.56195068,29.25269318,28.92854691,28.58620834,28.22173691,27.83106613,27.4116478
13131,2.231765747,2.155815125,2.147567749,2.184089661,2.250213623,2.335639954,2.433235168,2.537956238,2.646217346,2.755493164,2.864013672,2.970611572,3.074523926,3.175285339
13135,140.2622375,140.2621002,140.2621155,140.2621002,140.2621155,140.2621002,140.2621155,140.2621002,140.2621155,140.2621002,140.2621155,140.2620697,140.2620239,140.2619019
13141,1.992706299,2.157791138,2.312942505,2.458587646,2.595649719,2.724945068,2.847221375,2.963119507,3.073196411,3.177963257,3.277885437,3.373344421,3.46472168,3.552314758
13175,6.651081085,6.613674164,6.603233337,6.607032776,6.618404388,6.633758545,6.651165009,6.669586182,6.688457489,6.707492828,6.726524353,6.745479584,6.764316559,6.783004761
13181,3.124458313,3.229553223,3.328948975,3.42339325,3.513458252,3.599609375,3.682228088,3.761611938,3.838043213,3.911758423,3.982948303,4.051780701,4.118423462,4.183006287
13187,9.763725281,9.803653717,9.825927734,9.837268829,9.841796875,9.84205246,9.839645386,9.835575104,9.830486298,9.824794769,9.818729401,9.812469482,9.806114197,9.799724579
13189,5.752830505,5.781177521,5.810066223,5.838977814,5.867721558,5.896209717,5.924377441,5.952220917,5.979717255,6.006889343,6.033718109,6.060218811,6.086391449,6.112247467
13211,5.843536377,5.941505432,6.006278992,6.053165436,6.090255737,6.121910095,6.150501251,6.1772995,6.202999115,6.227981567,6.25245285,6.27652359,6.300266266,6.323699951
13245,57.02096939,57.513237,58.022789,58.55025482,59.09629059,59.66156006,60.24674225,60.85254669,61.47969818,62.12892532,62.80097198,63.49658585,64.21655273,64.96163177
13289,0.812454224,0.929725647,1.059761047,1.19871521,1.343544006,1.49180603,1.64151001,1.790977478,1.938835144,2.083969116,2.225517273,2.362831116,2.495452881,2.62311554
13313,94.18825531,95.6844635,97.19032288,98.70173645,100.2143021,101.7233429,103.2238922,104.7108307,106.1788788,107.6227722,109.0372543,110.4172516,111.7579193,113.0548019
15001,10.01311111,9.936828613,9.885185242,9.849761963,9.824878693,9.806774139,9.793029785,9.782073975,9.772918701,9.764915466,9.757671356,9.750934601,9.744541168,9.738384247
16029,3.400596619,3.383872986,3.405410767,3.450180054,3.508895874,3.575614929,3.646514893,3.719139099,3.79196167,3.86403656,3.934799194,4.003936768,4.071311951,4.136863708
16035,16.86671066,17.48205948,17.9731102,18.33834457,18.57688141,18.69374847,18.70059586,18.6132431,18.44848251,18.22165298,17.94549561,17.62995148,17.28252411,16.90888214
16039,9.91027832,9.769802094,9.678070068,9.618652344,9.580093384,9.554771423,9.537773132,9.525978088,9.517417908,9.510875702,9.505599976,9.501110077,9.497116089,9.493457794
16043,9.129123688,9.113456726,9.104366302,9.099163055,9.096298218,9.094814301,9.094154358,9.093986511,9.094112396,9.094406128,9.094802856,9.09526062,9.095752716,9.096252441
16045,19.10240173,19.67051315,20.04376984,20.2289238,20.25256348,20.15009689,19.95515442,19.69445038,19.38706207,19.04581451,18.67893982,18.29159546,17.88697433,17.46702194
16053,28.53679657,28.38286972,28.08357239,27.71438217,27.30131912,26.856987,26.3952179,25.93235397,25.48164749,25.04901123,24.6341095,24.23357773,23.8434906,23.46039581
16063,4.438224792,4.589363098,4.697250366,4.779174805,4.845466614,4.902297974,4.953292847,5.000556946,5.04535675,5.088394165,5.130111694,5.170761108,5.210494995,5.249412537
16083,107.110199,108.5357666,109.9286499,111.2838898,112.5968933,113.8634949,115.0799942,116.2433624,117.351181,118.401741,119.3939972,120.3276367,121.2029266,122.0207977
17007,75.54993439,76.66660309,77.81610107,78.99841309,80.21335602,81.46057129,82.73949432,84.04933167,85.38904572,86.75732422,88.15255737,89.57282257,91.01587677,92.47912598
17015,21.32542801,20.65433502,20.08993149,19.57969666,19.09727859,18.62815094,18.16368484,17.69848251,17.22909546,16.75350571,16.27092361,15.78192139,15.28867722,14.79528046
17041,18.35538483,18.17648697,17.94022751,17.65777588,17.33794785,16.98756409,16.61198425,16.21565247,15.80272293,15.37753296,14.94517517,14.51178741,14.08467102,13.67208099
17055,43.88404083,43.94154358,44.00072098,44.06167603,44.12445831,44.18913651,44.25575256,44.32438278,44.39508057,44.4679184,44.54296112,44.62028122,44.69994354,44.78203583
17065,12.79298019,12.72239685,12.64741135,12.5697403,12.49084473,12.4119072,12.33386993,12.25744629,12.18315887,12.1113739,12.04232025,11.97610092,11.9127655,11.85224915
17087,11.8443985,11.82246399,11.79374313,11.76022339,11.723423,11.68449402,11.64432526,11.60357666,11.56274033,11.52218628,11.48217773,11.44289398,11.40444946,11.36692047
17099,139.6103516,139.4404907,139.2451782,139.0251312,138.7819977,138.5182495,138.23703,137.9420166,137.6370239,137.3259888,137.0126343,136.7004089,136.3922882,136.0908966
17101,18.44762421,18.00610352,17.55757141,17.10072327,16.63497925,16.16059875,15.67893982,15.19285583,14.70700455,14.22805023,13.7644577,13.32585526,12.92169952,12.55976868
17135,16.78731537,16.32891083,15.86094284,15.38607788,14.90843582,14.43394852,13.97034073,13.52671051,13.11254501,12.73635483,12.40421677,12.11891937,11.87977219,11.68323517
17193,10.92047119,10.95179367,10.96555328,10.96730042,10.96083832,10.94877625,10.93294144,10.91459656,10.89465332,10.87372971,10.8522644,10.83055878,10.80883026,10.78720856
18055,20.32065201,20.73698807,20.92970657,20.93911743,20.8138504,20.59600449,20.31624222,19.99488831,19.64463043,19.27315521,18.8849144,18.4824295,18.06701279,17.63933563
18067,60.51700592,61.13233566,61.7693367,62.42874146,63.11130905,63.81779861,64.54897308,65.30561829,66.08848572,66.89835358,67.73597717,68.60208893,69.49739838,70.42259216
18095,94.04972839,95.54485321,97.04997253,98.56105042,100.0737152,101.5832825,103.0848312,104.5732574,106.0432968,107.4896622,108.9070969,110.2904968,111.6350098,112.936142
18109,50.39487457,50.6593399,50.93264389,51.21510696,51.50708008,51.80889893,52.12093353,52.44356537,52.77717209,53.12216949,53.47898865,53.84806061,54.2298584,54.62483215
18117,11.37725067,11.43247986,11.46128845,11.47141266,11.46822739,11.45555878,11.4361763,11.41210175,11.38484955,11.35549545,11.32485962,11.29353714,11.26196671,11.23043823
18143,16.65972137,16.93081665,17.11457825,17.2150116,17.23747253,17.18878937,17.07679749,16.90962982,16.69511795,16.44049454,16.15232086,15.83657837,15.49894714,15.14509583
18145,35.68994904,35.52619171,35.36107254,35.19220352,35.01955032,34.8430748,34.66273117,34.47846222,34.29024887,34.09803391,33.90177155,33.70140839,33.49693298,33.28828049
18149,19.94874573,20.1068306,20.11226654,19.99853516,19.79692841,19.53221512,19.22216797,18.87881088,18.50992203,18.12043762,17.71344376,17.29093933,16.85437393,16.40515137
18161,7.875934601,7.883590698,7.892234802,7.901329041,7.910636902,7.920040131,7.929458618,7.938850403,7.94821167,7.957519531,7.966766357,7.975944519,7.98506546,7.994117737
19017,48.29527283,48.49060059,48.69226074,48.9005127,49.11555862,49.33765411,49.56706238,49.80403137,50.04883575,50.30176926,50.5631218,50.83320618,51.11233902,51.40084457
19019,29.64431763,29.34386063,29.02507401,28.68859482,28.33108139,27.94847107,27.53755569,27.09861755,26.63857269,26.17102814,25.71088791,25.2675972,24.84333038,24.4356575
19041,23.62132645,23.29592133,22.94774628,22.58750534,22.22023392,21.84813309,21.47197342,21.09181595,20.70734024,20.31803894,19.92329788,19.52241516,19.11464691,18.69920731
19079,30.82266617,30.74486923,30.47584152,30.19987106,29.91521072,29.62046051,29.31379318,28.99276733,28.65426254,28.29441071,27.90909958,27.49530792,27.05383682,26.59235764
19101,18.87889862,18.52707672,18.15086365,17.7544632,17.3406601,16.9114418,16.46853256,16.01387024,15.55010986,15.08108521,14.61216354,14.15042496,13.70444107,13.28352737
19137,11.66834641,11.73537445,11.7718277,11.78617096,11.78438187,11.7707901,11.74860382,11.72026443,11.687603,11.65201187,11.61457062,11.57606888,11.53710938,11.4981308
19149,38.15773392,38.05554962,37.95123291,37.8442688,37.73461151,37.62220383,37.50698853,37.38890839,37.26789856,37.1439209,37.01690674,36.8867836,36.75351715,36.61704254
19151,12.31499481,12.09864426,11.91598129,11.76344299,11.63679504,11.53171539,11.4441452,11.37052155,11.3078537,11.25371933,11.20618439,11.16375732,11.12528992,11.08991623
19159,3.611122131,3.849884033,4.023635864,4.153755188,4.255622864,4.339401245,4.411560059,4.476158142,4.535697937,4.591712952,4.64516449,4.696632385,4.746482849,4.794967651
19185,4.597038269,4.641029358,4.687042236,4.733886719,4.780776978,4.827278137,4.873138428,4.918235779,4.962509155,5.005958557,5.048583984,5.090393066,5.131408691,5.171661377
20041,15.81561661,15.46463776,15.09900284,14.72468948,14.34825134,13.97678757,13.61766434,13.27801514,12.9640274,12.68029404,12.42936707,12.21164703,12.02566528,11.86859131
20055,84.72225189,86.07657623,87.45868683,88.86683655,90.29891968,91.75252533,93.22486877,94.7128067,96.21284485,97.72114563,99.23347473,100.7453537,102.2519836,103.7483368
20077,7.416404724,7.581768036,7.674812317,7.730079651,7.76499939,7.788818359,7.806541443,7.820877075,7.833320618,7.84469223,7.855422974,7.865779877,7.875907898,7.885864258
20091,140.2622375,140.2621002,140.2621155,140.2621002,140.2621155,140.2621002,140.2621155,140.2621002,140.2621155,140.2621002,140.2621155,140.2621002,140.2621155,140.2621002
20133,15.97047424,15.5018959,15.02891922,14.55704498,14.09355927,13.64722443,13.22743988,12.84301376,12.50070953,12.20423889,11.95385361,11.74676514,11.57812881,11.44206619
20175,27.59437943,26.82427979,26.1795845,25.61440277,25.11477661,24.66329193,24.24356079,23.84355927,23.45534897,23.07386398,22.69581604,22.31900024,21.94184113,21.56312561
20179,5.028862,5.061965942,5.09841156,5.136398315,5.174934387,5.213470459,5.251716614,5.289505005,5.326759338,5.363441467,5.399551392,5.435081482,5.470043182,5.504451752
20191,18.71518707,18.76475525,18.71234131,18.57519913,18.36985016,18.11038971,17.80800629,17.4711647,17.1061821,16.71788406,16.31019211,15.88677216,15.45158005,15.00934982
20199,2.919464111,2.989845276,3.069984436,3.155464172,3.243309021,3.331535339,3.418891907,3.504562378,3.58807373,3.669204712,3.747848511,3.823997498,3.897705078,3.969055176
21015,90.44137573,91.89694977,93.37097168,94.86027527,96.36131287,97.87019348,99.38269043,100.8942719,102.400116,103.8951797,105.3742828,106.8321075,108.2634048,109.6629791
21039,4.191848755,4.360725403,4.482414246,4.574905396,4.649414063,4.712844849,4.769340515,4.821365356,4.870391846,4.917289734,4.96257782,5.006591797,5.049514771,5.091491699
21067,140.2622375,140.2621002,140.2621155,140.2620544,140.2620087,140.2618866,140.2616577,140.2611694,140.2602692,140.2586823,140.2559509,140.2514801,140.2443848,140.23349
21077,3.560539246,3.722595215,3.850547791,3.955459595,4.044906616,4.123931885,4.195793152,4.26260376,4.325698853,4.385948181,4.443901062,4.499938965,4.55430603,4.607170105
21085,14.79901123,14.82818222,14.81642532,14.76833725,14.68833542,14.58071136,14.44975281,14.29971313,14.13482666,13.95926285,13.77709198,13.59216309,13.40802383,13.22779846
21087,11.17889786,11.29801941,11.37086868,11.41204834,11.43107986,11.4344101,11.42658615,11.41085052,11.38957214,11.36446762,11.33680344,11.30751419,11.2772789,11.24658966
21119,5.114982605,5.103042603,5.114532471,5.138618469,5.169464111,5.203796387,5.2397995,5.276451111,5.313171387,5.34967041,5.385780334,5.421401978,5.456508636,5.491092682
21155,18.23805237,18.45975494,18.56476593,18.56425476,18.47305298,18.30684662,18.08005142,17.80469131,17.49027634,17.144104,16.77174759,16.37776184,15.96614838,15.54101563
21163,14.09320831,14.13768768,14.14521408,14.1208992,14.06927109,13.99445343,13.90036011,13.79070282,13.66901779,13.5386734,13.40278244,13.2641983,13.12547302,12.98879242
21175,6.635215759,6.679828644,6.712524414,6.738792419,6.761543274,6.782325745,6.801979065,6.820941925,6.83946228,6.857658386,6.87562561,6.893386841,6.910972595,6.928386688
21187,2.993133545,3.163848877,3.307052612,3.429763794,3.53755188,3.63444519,3.723251343,3.805923462,3.883811951,3.957855225,4.028701782,4.096801758,4.162498474,4.226043701
21197,15.66085052,16.26601791,16.75515747,17.14019775,17.42521667,17.61278152,17.70705795,17.71489716,17.64536285,17.50855255,17.31452942,17.07249451,16.79043198,16.47519684
21215,13.85083008,13.93261719,13.97306442,13.9783783,13.95368958,13.90347672,13.83183289,13.74254227,13.63916016,13.52503204,13.40328979,13.27679443,13.14814758,13.01959991
21223,1.969741821,2.082511902,2.201431274,2.323371887,2.445960999,2.567451477,2.68662262,2.802650452,2.915031433,3.023468018,3.127853394,3.22820282,3.324623108,3.417236328
21229,8.692420959,8.681968689,8.677597046,8.676746368,8.67792511,8.68025589,8.683254242,8.68661499,8.690185547,8.693851471,8.697574615,8.701305389,8.705036163,8.708751678
22017,109.438736,110.807869,112.1363602,113.4198608,114.6545105,115.8370438,116.964798,118.03582,119.0488281,120.0032425,120.8991623,121.7372589,122.5187836,123.24543
22025,8.008117676,7.99842453,7.997226715,8.000541687,8.006340027,8.013492584,8.021362305,8.029605865,8.038043976,8.046546936,8.055065155,8.063560486,8.07201767,8.080429077
22031,7.903129578,7.948787689,7.977848053,7.997890472,8.012924194,8.025154114,8.035800934,8.045532227,8.054733276,8.063606262,8.07226944,8.080791473,8.08921051,8.097541809
22033,140.1685181,140.1264954,140.0706482,139.9981384,139.9062958,139.7926636,139.655304,139.4929199,139.3050537,139.0921173,138.8555298,138.5975037,138.3210602,138.0296936
22045,34.7292099,34.51824951,34.33159256,34.14023209,33.94484711,33.74538422,33.54179001,33.33404922,33.12207794,32.90582275,32.68523026,32.46021271,32.23064041,31.99639511
22053,15.16272736,15.05978394,14.92652893,14.76755905,14.58753204,14.39116669,14.18316269,13.96818924,13.75077438,13.53516388,13.32518768,13.12409973,12.93445969,12.75804138
22091,7.241378784,7.315910339,7.362010956,7.393013,7.415840149,7.434207916,7.45009613,7.464607239,7.478317261,7.491546631,7.50447464,7.517189026,7.529754639,7.542194366
22119,21.24162292,21.46487427,21.48140717,21.35187912,21.12640762,20.8397522,20.51380157,20.16167068,19.79088974,19.40568542,19.00829315,18.59972763,18.18037796,17.7502327
23001,28.63658142,28.30701065,27.93347549,27.52591324,27.08842087,26.62918472,26.162323,25.70282364,25.2600975,24.83628082,24.42891312,24.03403091,23.6478157,23.26715088
23009,9.139125824,9.145935059,9.149967194,9.152374268,9.153823853,9.154697418,9.155220032,9.155532837,9.155731201,9.155849457,9.155929565,9.155990601,9.156021118,9.156044006
23015,3.944282532,4.017120361,4.086585999,4.153205872,4.217391968,4.279441833,4.339569092,4.39793396,4.454681396,4.509918213,4.563720703,4.61618042,4.667358398,4.717315674
23029,5.586494446,5.624118805,5.658729553,5.691650391,5.723472595,5.754489899,5.784881592,5.814758301,5.844154358,5.873130798,5.901706696,5.929897308,5.957714081,5.985172272
24003,139.7790833,139.6390076,139.473877,139.2832489,139.067688,138.8286438,138.5684967,138.2902527,137.9974976,137.6940765,137.3838654,137.0706787,136.7579956,136.4489136
24025,92.18712616,93.66442871,95.15634155,96.65924072,98.16918945,99.68186951,101.1927032,102.6968231,104.1891479,105.6644592,107.1174698,108.5428925,109.9355774,111.2906189
25013,140.2622375,140.2621002,140.2621155,140.2620544,140.2619934,140.2618713,140.2615967,140.2610779,140.2601166,140.2583923,140.2554626,140.2507172,140.2431946,140.2317047
25015,31.90914917,31.66808319,31.42201233,31.17044067,30.91299057,30.64912796,30.37817383,30.09923553,29.81115723,29.51238632,29.20089722,28.87402725,28.52836609,28.15988159
25017,140.2622375,140.2621002,140.2621155,140.2621002,140.2621155,140.2621002,140.2621155,140.2621002,140.2621155,140.2621002,140.2621155,140.2621002,140.2621155,140.2621002
25021,138.4272156,138.1409912,137.8422546,137.5348511,137.2226563,136.9093018,136.598114,136.2919617,135.9932709,135.70401,135.4256439,135.1593018,134.9056702,134.6652374
26029,10.93808365,11.08085251,11.16895676,11.22074509,11.24768829,11.25735474,11.25492096,11.24402618,11.22724152,11.20640564,11.18287277,11.15757751,11.13122559,11.10432053
26041,48.67139435,48.87895966,49.09330368,49.31468201,49.54333496,49.77952576,50.02352524,50.27561569,50.53610229,50.80528259,51.08348083,51.37101364,51.66823578,51.97550201
26051,29.08932495,29.35607529,29.19637299,28.90063095,28.5637207,28.19973373,27.80816269,27.38743591,26.9401207,26.47577286,26.00933075,25.55442047,25.11783981,24.69976044
26063,14.18200684,14.20011139,14.18444061,14.13964844,14.06997299,13.97941971,13.87178802,13.75072098,13.61971664,13.48200989,13.34065247,13.19837189,13.05753326,12.92013931
26073,64.33856201,65.087883,65.86322784,66.66535187,67.49501038,68.35295868,69.23990631,70.15653992,71.10351563,72.08144379,73.09087372,74.13227081,75.20601654,76.31240082
26075,127.3887329,127.7337875,128.049881,128.339325,128.6042633,128.8467407,129.0686188,129.2716675,129.4574432,129.6274719,129.7830658,129.9254761,130.0558472,130.1752014
26115,115.7659454,116.8971405,117.9716873,118.9882813,119.9462891,120.845787,121.6874084,122.4723663,123.2023163,123.8793411,124.5058136,125.084259,125.6174316,126.1081009
26127,21.04377365,21.25836182,21.27462769,21.1484108,20.92690277,20.64350128,20.319664,19.96844864,19.59754562,19.21128845,18.81202316,18.40092087,17.97845078,17.54473114
26141,6.298454285,6.269302368,6.265743256,6.274871826,6.290664673,6.309921265,6.330921173,6.352752686,6.374912262,6.397140503,6.419296265,6.441307068,6.463134766,6.484767914
26155,44.77919006,44.86372375,44.95081329,45.04055786,45.13306046,45.22839355,45.32666016,45.42795181,45.53237534,45.64002228,45.75101471,45.865448,45.98344421,46.1051178
27013,92.65932465,94.14169312,95.63754272,97.14315033,98.65444946,100.1670532,101.6762695,103.1771774,104.6646271,106.1333618,107.5780792,108.9935608,110.3747101,111.7166748
27017,46.71213531,46.85668945,47.00584793,47.15974426,47.31854248,47.48239899,47.65150833,47.82603455,48.00618744,48.19215393,48.38412476,48.58233643,48.78699493,48.99833679
27031,1.543075562,1.681518555,1.822799683,1.964523315,2.105056763,2.243125916,2.377792358,2.508407593,2.634544373,2.755943298,2.872520447,2.984298706,3.091400146,3.194000244
27037,140.2622375,140.2621002,140.2621155,140.2621002,140.2621155,140.2621002,140.2621155,140.2621002,140.2621155,140.2621002,140.2621155,140.2621002,140.2620697,140.2620087
27043,12.16820908,12.28046799,12.34914398,12.38528442,12.39669418,12.38912964,12.36703491,12.33387375,12.29243851,12.24497604,12.19330978,12.13889313,12.082901,12.02626801
27065,14.83124924,14.54365158,14.2500267,13.95632172,13.66834259,13.39155579,13.13063812,12.88927078,12.66984558,12.47342682,12.29983521,12.14792252,12.01579285,11.9012146
27111,102.0164795,103.5147781,104.9984589,106.4622345,107.9008102,109.30896,110.6816559,112.0141296,113.3019943,114.5413589,115.7288818,116.8618393,117.9382324,118.9566956
27123,140.2622375,140.2621002,140.2621155,140.2621002,140.2621155,140.2621002,140.2621155,140.2621002,140.2621155,140.2621002,140.2621155,140.2621002,140.2621155,140.2621002
27165,11.57579803,11.77098083,11.89728928,11.97590637,12.02024841,12.03938293,12.03977203,12.02615738,12.00212479,11.97045517,11.9332962,11.89232635,11.84884644,11.8038826
27167,8.417827606,8.395816803,8.386100769,8.38325882,8.384315491,8.387557983,8.392040253,8.397209167,8.402744293,8.408462524,8.414260864,8.420101166,8.425941467,8.431755066
27173,9.446998596,9.459335327,9.465698242,9.468437195,9.468967438,9.468162537,9.466537476,9.464427948,9.462028503,9.459465027,9.456809998,9.454109192,9.451393127,9.448677063
28013,4.043510437,4.077453613,4.123291016,4.175537109,4.231010437,4.287796021,4.34475708,4.401237488,4.456848145,4.511390686,4.564788818,4.617004395,4.668037415,4.717926025
28015,9.18693924,9.106369019,9.058376312,9.030220032,9.014022827,9.004970551,9.000183105,8.997928619,8.99716568,8.997276306,8.997909546,8.998828888,8.99993515,9.00113678
28059,42.991539,43.02266312,43.05459976,43.08748245,43.12132263,43.156147,43.19200134,43.22891235,43.26691437,43.3060379,43.34631348,43.38778305,43.43048096,43.47443771
28063,1.415458679,1.556686401,1.700912476,1.845924377,1.99004364,2.131973267,2.270698547,2.405479431,2.535812378,2.661384583,2.782035828,2.897766113,3.008644104,3.114822388
28079,6.716411591,6.698795319,6.698833466,6.707824707,6.721515656,6.73764801,6.755020142,6.772964478,6.79114151,6.809371948,6.827548981,6.845619202,6.863563538,6.88136673
28097,8.166049957,8.181396484,8.193302155,8.2032547,8.21207428,8.220249176,8.228034973,8.235572815,8.242946625,8.250213623,8.257392883,8.264499664,8.271549225,8.27853775
28111,6.523742676,6.592674255,6.638504028,6.672050476,6.698951721,6.722213745,6.743431091,6.763477325,6.782814026,6.801689148,6.820236206,6.838542938,6.856643677,6.87456131
28121,45.6565094,45.76799774,45.88296127,46.00150299,46.12374878,46.24981689,46.37983322,46.51393127,46.65225983,46.79495239,46.94215393,47.09402847,47.25072861,47.41242599
28125,0.602676392,0.72883606,0.864051819,1.00718689,1.15587616,1.308029175,1.461860657,1.615821838,1.768585205,1.919036865,2.066230774,2.20942688,2.348083496,2.481826782
28127,9.970832825,10.05625916,10.10630798,10.13433075,10.14840698,10.15357971,10.15303802,10.14883804,10.1423111,10.13433075,10.1254425,10.11601639,10.10629272,10.09642029
29007,13.78961945,13.45344162,13.13833618,12.8494339,12.59016037,12.36196136,12.16443634,11.99566269,11.85268021,11.73207092,11.63027954,11.54395294,11.47016144,11.40636826
29011,9.747478485,9.767433167,9.777515411,9.781459808,9.781581879,9.779335022,9.775611877,9.770988464,9.76581955,9.760345459,9.754688263,9.748954773,9.743190765,9.737434387
29027,52.24137115,52.56809616,52.90595245,53.25535965,53.61675644,53.99057007,54.37728119,54.77735901,55.19130707,55.61963654,56.06288528,56.52160645,56.99637985,57.48779678
29029,31.2227478,30.96808243,30.70559311,30.436203,30.15904999,29.87302017,29.57666779,29.26807785,28.94472504,28.60337067,28.24007797,27.8507576,27.4327507,26.98772049
29049,16.31383514,16.51516342,16.6410675,16.69611359,16.68547821,16.61502457,16.49111938,16.3202858,16.10889053,15.86308289,15.58873749,15.29162598,14.97750473,14.65234375
29057,21.67429352,21.28931046,20.90295029,20.51358795,20.11999893,19.72117233,19.31615829,18.90406799,18.48402786,18.05524063,17.61698914,17.16876602,16.71044159,16.24249649
29079,12.12879944,12.21021271,12.25617981,12.27558899,12.27486038,12.25882339,12.23120117,12.19491959,12.15232468,12.10526276,12.05525208,12.00342941,11.95075226,11.89792633
29091,11.99526978,11.86796951,11.75921631,11.66607285,11.58580399,11.51603699,11.45472717,11.40019989,11.35109711,11.30633545,11.26506042,11.22660828,11.19046783,11.15623474
29099,140.2622223,140.2620697,140.2620239,140.2619019,140.2616577,140.2612,140.2603149,140.2587585,140.2561035,140.251709,140.244751,140.2340393,140.2181396,140.1951904
29103,4.770317078,4.986106873,5.125015259,5.219482422,5.288444519,5.342788696,5.388702393,5.429668427,5.46761322,5.503665924,5.53842926,5.572254181,5.605342865,5.637821198
29115,5.300392151,5.295776367,5.310302734,5.334709167,5.364303589,5.396530151,5.429965973,5.463821411,5.497673035,5.531288147,5.564544678,5.597366333,5.629753113,5.661682129
29143,23.59003448,23.22259903,22.85211563,22.47969437,22.10545349,21.72902298,21.3498497,20.96729279,20.58066559,20.18924713,19.79230118,19.38906097,18.97872162,18.56048203
29157,32.64309311,32.41513062,32.18474579,31.94955444,31.70948792,31.46430588,31.21370316,30.95729065,30.69455338,30.42486572,30.14735413,29.86092758,29.56410599,29.25495148
29159,44.9283905,45.01732254,45.10910797,45.20370483,45.3012085,45.40172577,45.50533676,45.61214447,45.72226715,45.83581543,45.95288849,46.0736084,46.19809341,46.32648468
29209,21.32951736,21.89669037,22.15654755,22.17864609,22.04136658,21.80542374,21.51023483,21.1791687,20.82546997,20.45632553,20.07558823,19.68510056,19.28563309,18.87730408
29219,28.51117706,28.10094452,27.68633652,27.25016785,26.79250336,26.32369232,25.85855103,25.40855408,24.97789001,24.56505966,24.16624832,23.77739334,23.39511108,23.01675797
30007,3.741897583,3.724891663,3.74395752,3.784004211,3.836273193,3.895385742,3.957962036,4.02192688,4.086006165,4.149436951,4.211776733,4.27280426,4.33241272,4.390556335
30011,1.732391357,1.851928711,1.977241516,2.106033325,2.235916138,2.365013123,2.491973877,2.615844727,2.735977173,2.851982117,2.963676453,3.071006775,3.174034119,3.272872925
30017,21.7061615,22.53987503,22.97533417,23.09152603,22.99751663,22.7794342,22.4915657,22.16476059,21.81560516,21.45272827,21.08045959,20.70079803,20.31453705,19.92177963
30019,1.683380127,1.792190552,1.910995483,2.035972595,2.163963318,2.292625427,2.420196533,2.545410156,2.667388916,2.785560608,2.899581909,3.00932312,3.114753723,3.215950012
30043,12.03773499,12.15972137,12.23546982,12.27718353,12.29331207,12.28998947,12.27186584,12.24253082,12.20484924,12.16108322,12.11305237,12.06220627,12.00969696,11.95642853
30063,80.19651031,81.44329834,82.72179413,84.03121185,85.37052155,86.73841858,88.13330078,89.55324554,90.9960022,92.45898438,93.93924713,95.43347168,96.93798828,98.44877625
30101,2.130645752,1.526321411,1.208602905,1.053871155,1.000610352,1.013267517,1.070030212,1.156944275,1.264678955,1.38671875,1.5182724,1.655738831,1.796310425,1.937789917
31011,5.205223083,5.244537354,5.283111572,5.320854187,5.35785675,5.394180298,5.429866791,5.464942932,5.499450684,5.533409119,5.566833496,5.599739075,5.632152557,5.664077759
31047,26.05093765,25.35239029,24.78660965,24.30608368,23.8746109,23.47013474,23.08015442,22.69759369,22.31832886,21.93979263,21.56027603,21.17852783,20.79353333,20.40439224
31079,73.12647247,74.16899109,75.2438736,76.35139465,77.49172211,78.66487885,79.87072754,81.10897827,82.37911987,83.68041229,85.01190948,86.37236023,87.76024628,89.17373657
31099,13.36072922,13.6211319,13.80643845,13.93252182,14.00992966,14.04629135,14.04756546,14.01877594,13.96434784,13.88832855,13.79454041,13.68657303,13.56783676,13.44150925
31117,0.530509949,0.673110962,0.822891235,0.977050781,1.134002686,1.29234314,1.450805664,1.608222961,1.763557434,1.915893555,2.064460754,2.208648682,2.347999573,2.482223511
31141,65.9807663,66.78692627,67.6207428,68.4829483,69.37425232,70.29535675,71.24690247,72.22947693,73.24362183,74.28980255,75.36837769,76.47962952,77.62369537,78.80058289
32029,0.721343994,0.886299133,1.052047729,1.217346191,1.381408691,1.543449402,1.702705383,1.858467102,2.010108948,2.157096863,2.299057007,2.435707092,2.56690979,2.692657471
33009,12.3655777,12.41094208,12.42924881,12.42677689,12.40834045,12.37767029,12.33777237,12.29108047,12.23955536,12.18479156,12.1280899,12.07044983,12.01268387,11.95539093
34023,140.2622375,140.2621002,140.2621155,140.2621002,140.2621155,140.2621002,140.2621155,140.2621002,140.262085,140.2620544,140.2619781,140.2618103,140.2615051,140.2608795
35006,37.56744766,37.44747162,37.32793045,37.20543289,37.07991791,36.95133972,36.81962967,36.68473434,36.5465889,36.40516281,36.26036835,36.11216354,35.96048737,35.80527878
35019,2.805221558,2.890266418,2.981071472,3.074554443,3.168571472,3.26171875,3.353088379,3.442138672,3.528572083,3.61227417,3.693206787,3.771430969,3.84703064,3.920127869
35037,3.040550232,3.129844666,3.220535278,3.310882568,3.399833679,3.486755371,3.571289063,3.653259277,3.732620239,3.809394836,3.883651733,3.955505371,4.025062561,4.092437744
35039,25.2157135,25.52216721,25.50219727,25.30277634,25.00848007,24.66700363,24.30423737,23.93317795,23.55964279,23.18572617,22.81177902,22.43741608,22.06198883,21.6847229
35051,5.523571014,5.590000153,5.640598297,5.682281494,5.718887329,5.752510071,5.784317017,5.81495285,5.844772339,5.873962402,5.902648926,5.93088913,5.958732605,5.986206055
36001,65.29943085,66.08209229,66.89174652,67.72914124,68.59501648,69.49008942,70.41504669,71.37052155,72.35710144,73.37531281,74.42560577,75.50834656,76.6237793,77.77203369
36029,140.2622375,140.2621002,140.2621155,140.2621002,140.2621155,140.2621002,140.2621155,140.2621002,140.262085,140.2620239,140.2619324,140.2617188,140.261322,140.2605286
36035,3.919296265,4.055969238,4.16318512,4.251296997,4.327026367,4.394630432,4.456771851,4.515083313,4.570617676,4.623985291,4.675613403,4.725769043,4.774604797,4.822250366
36065,70.96488953,71.93831635,72.94316101,73.9799118,75.04896545,76.15061951,77.28505707,78.45233917,79.65235138,80.88482666,82.14929962,83.44507599,84.77124023,86.12660217
36073,10.45418167,10.46927643,10.47392273,10.47171783,10.46500397,10.45536041,10.4438324,10.43112183,10.41770172,10.4038887,10.38987732,10.37582016,10.36180496,10.34788132
36077,2.020904541,2.037445068,2.090866089,2.169136047,2.263595581,2.368095398,2.478248596,2.590911865,2.703842163,2.815490723,2.924789429,3.031082153,3.133972168,3.233283997
36097,5.87902832,5.885219574,5.901878357,5.923698425,5.948143005,5.973854065,6.000091553,6.026462555,6.052757263,6.078865051,6.104724884,6.130325317,6.155632019,6.180656433
37005,1.485908508,1.601768494,1.728134155,1.860237122,1.995079041,2.1304245,2.264587402,2.39629364,2.524642944,2.649009705,2.76902771,2.884513855,2.995414734,3.101783752
37021,47.5774231,47.74956512,47.92724991,48.11066437,48.30000305,48.4954834,48.6973114,48.9057312,49.12094879,49.3432312,49.57281876,49.80997467,50.05498123,50.30811691
37049,23.12583923,23.1612854,23.01734161,22.7703743,22.46618271,22.13012695,21.77561951,21.40947723,21.03504944,20.65383911,20.26630783,19.87241364,19.47179031,19.06386566
37085,27.03669739,26.87984467,26.58955765,26.2242775,25.82255936,25.40939331,24.99869537,24.59608078,24.20225525,23.81578064,23.43463898,23.05686188,22.68077087,22.30500031
37093,13.5960083,13.70563126,13.77012253,13.79698181,13.79211426,13.76045227,13.7062912,13.63354111,13.54576111,13.44628143,13.33814621,13.22416687,13.10686493,12.98845673
37119,140.2622375,140.2621002,140.2621155,140.2621002,140.2621155,140.2621002,140.2621155,140.2621002,140.2621155,140.2621002,140.2621155,140.2621002,140.2621155,140.2621002
37135,26.71393585,26.34101105,25.9321022,25.51223755,25.09584045,24.68880081,24.29179001,23.90317154,23.52065659,23.14210129,22.76566696,22.38988113,22.01351166,21.63553238
37151,44.66365814,44.74471283,44.82817078,44.91417694,45.00279617,45.09413528,45.1882782,45.28531647,45.38533401,45.48843765,45.59473419,45.70432281,45.81729889,45.93379974
37159,52.05265045,52.37295532,52.70415878,53.04666519,53.40089798,53.76729202,54.14629364,54.53837967,54.94403839,55.36376572,55.79810333,56.24758148,56.71276855,57.19423676
37173,2.632347107,2.715705872,2.807609558,2.903991699,3.002105713,3.100074768,3.196655273,3.291069031,3.382858276,3.471786499,3.557769775,3.640808105,3.720977783,3.79839325
37177,0.272254944,0.389862061,0.519256592,0.658294678,0.804595947,0.956138611,1.111213684,1.268280029,1.425949097,1.582992554,1.738265991,1.890815735,2.03981781,2.18460083
37197,9.714393616,9.603981018,9.53339386,9.488433838,9.45967865,9.441040039,9.42868042,9.420196533,9.414100647,9.409488678,9.405780792,9.402641296,9.399852753,9.397289276
38015,140.2621918,140.2621155,140.2621002,140.2621155,140.2621002,140.262085,140.2620392,140.2619476,140.2617493,140.2613525,140.2606506,140.2593384,140.2570648,140.2532806
38075,3.680366516,3.787277222,3.880172729,3.963348389,4.039596558,4.110809326,4.178192139,4.242546082,4.304428101,4.364189148,4.422088623,4.478309631,4.532997131,4.586265564
38099,34.48500824,34.29190063,34.09986115,33.90362549,33.70330811,33.49886322,33.29023743,33.0773735,32.86022568,32.63871384,32.41274261,32.18222427,31.94698334,31.7068634
39007,65.03305817,65.80649567,66.60665894,67.43430328,68.29017639,69.17500305,70.08947754,71.03424835,72.00993347,73.01706696,74.05613708,75.12754059,76.23156738,77.36839294
39021,23.83076096,23.78805542,23.59155655,23.31181335,22.98815536,22.64120102,22.28135681,21.91362381,21.54023743,21.16204071,20.77913666,20.39125061,19.9978714,19.5983963
39031,17.96092224,18.03743362,18.02296448,17.92877197,17.76683044,17.54846573,17.28355789,16.98031998,16.64551544,16.28474045,15.90299225,15.50509644,15.096241,14.68228912
39035,140.2622375,140.2621002,140.2621155,140.2621002,140.2621155,140.2621002,140.2621155,140.2621002,140.2621155,140.2621002,140.2621155,140.2621002,140.2621155,140.2621002
39103,106.2221985,107.6652832,109.0788116,110.4577026,111.7971344,113.0926514,114.340271,115.5365601,116.678688,117.7645264,118.7926102,119.7621918,120.673172,121.5261154
39117,14.82540131,14.87909698,14.8885994,14.85871887,14.79394913,14.69865799,14.57717133,14.43379974,14.27285767,14.09863663,13.91534424,13.72705078,13.53759003,13.35045624
39139,63.68008804,64.40647125,65.15816498,65.93593597,66.74055481,67.57277679,68.43334961,69.32299805,70.24239349,71.19219971,72.17300415,73.18534851,74.22969818,75.30643463
39145,41.16355896,41.14182281,41.1198616,41.09728241,41.07407379,41.05021667,41.0256958,41.00048828,40.97457886,40.9479599,40.92058563,40.89246368,40.86355209,40.83384323
40003,14.20121384,15.02669144,15.67054749,16.18700409,16.59876251,16.9152832,17.1409874,17.27943802,17.33543777,17.31546021,17.22738647,17.07966614,16.88065338,16.6381073
40009,13.43425751,13.7449379,13.97037888,14.12928391,14.23353958,14.29146957,14.3094101,14.2926178,14.24571991,14.17298508,14.07844162,13.96598053,13.83936691,13.70219421
40021,33.23549271,33.02058792,32.80233765,32.57965851,32.35250473,32.12075424,31.88424683,31.64279556,31.39616394,31.14399338,30.88591385,30.62134933,30.34961319,30.06978989
40057,0.490386963,0.481948853,0.522262573,0.598129272,0.698944092,0.817474365,0.948684692,1.088829041,1.235038757,1.384963989,1.53666687,1.688468933,1.839027405,1.9871521
40091,10.85958862,10.849823,10.83613205,10.81982803,10.80184555,10.78282928,10.76321411,10.74331665,10.7233429,10.70344925,10.68371582,10.66421127,10.64496613,10.62602997
40101,93.81597137,95.30916595,96.81297302,98.3234024,99.83611298,101.3464966,102.8496399,104.3404694,105.8137436,107.2641754,108.6864929,110.0755615,111.426506,112.734726
40111,18.24697113,18.25704193,18.18024445,18.02998352,17.81906128,17.55860519,17.25774765,16.92378998,16.56257248,16.17900467,15.77760315,15.36302185,14.94049454,14.51620865
40115,15.86151886,15.75714111,15.61336136,15.43539429,15.228508,14.99801254,14.74924469,14.48767471,14.21881485,13.94821548,13.68125916,13.42296982,13.17770386,12.94892883
40135,14.37158585,13.91571426,13.48049927,13.07525253,12.70805359,12.38454819,12.10706329,11.87459564,11.68348312,11.52839279,11.40338898,11.30265045,11.2209816,11.1540184
40139,16.07086945,15.94905472,15.78684998,15.58979416,15.36336517,15.11307144,14.84444809,14.56314468,14.27493286,13.98568726,13.70114517,13.42673492,13.16716385,12.92618561
40141,4.549079895,4.518920898,4.524505615,4.54977417,4.586036682,4.628250122,4.673484802,4.720016479,4.766860962,4.813453674,4.859489441,4.904808044,4.949333191,4.993034363
41017,28.36709595,28.13091278,27.79162979,27.39545441,26.96154022,26.50487518,26.04231644,25.58872223,25.15206909,24.73339844,24.3298912,23.93767929,23.55319977,23.17358017
41025,3.003219604,3.140762329,3.262405396,3.371948242,3.472236633,3.565322876,3.652679443,3.735366821,3.81414032,3.889564514,3.962051392,4.031913757,4.099395752,4.164680481
41047,113.3883209,114.6242371,115.8080902,116.9372559,118.0097046,119.0241776,119.9800568,120.8774261,121.7169495,122.4998779,123.2278671,123.9030151,124.5276794,125.1044312
41049,2.158424377,2.225418091,2.311843872,2.410377502,2.51600647,2.625144958,2.735267639,2.84462738,2.952033997,3.056716919,3.158226013,3.25630188,3.350883484,3.441993713
41057,2.406768799,2.55581665,2.694168091,2.822975159,2.94355011,3.05696106,3.164123535,3.265769958,3.362495422,3.454811096,3.543128967,3.627807617,3.709152222,3.78742981
41059,35.76295471,35.59915161,35.43572235,35.26852798,35.09757233,34.92282104,34.74422073,34.56172943,34.37529373,34.18487167,33.99042892,33.79191971,33.58929825,33.38251114
42009,41.64949417,41.64178467,41.63389969,41.62578583,41.61743164,41.6088562,41.60002899,41.59095001,41.58161926,41.5720253,41.56216431,41.55202484,41.54160309,41.53086853
42023,0.28263855,0.387107849,0.506271362,0.637741089,0.778465271,0.925918579,1.078056335,1.233108521,1.389511108,1.545898438,1.701019287,1.85382843,2.003417969,2.149040222
42029,134.8782654,134.6392822,134.4136658,134.2013245,134.0020294,133.8154449,133.6411285,133.4785919,133.32724,133.186554,133.0559235,132.9347839,132.8225403,132.7185974
42039,61.88013458,62.54343414,63.23002625,63.94067001,64.67613983,65.43720245,66.22462463,67.03916931,67.8815918,68.75262451,69.65297699,70.58332825,71.54431152,72.53649139
42063,47.60149384,47.77442932,47.95291519,48.13715363,48.32735443,48.52371597,48.72647095,48.93583298,49.15203857,49.37533951,49.60599136,49.84424973,50.09039688,50.3447113
42087,42.40250397,42.41588593,42.43015289,42.44482422,42.45992661,42.47546387,42.49146271,42.50791931,42.52484894,42.54226685,42.56019592,42.5786438,42.59762573,42.61715317
42103,7.887283325,7.917488098,7.938240051,7.953834534,7.966560364,7.977661133,7.987831116,7.997459412,8.006748199,8.015830994,8.024768829,8.033592224,8.042327881,8.050998688
42107,67.79112244,68.65910339,69.55632782,70.48347473,71.441185,72.43004608,73.45057678,74.5032196,75.58833313,76.70614624,77.85678864,79.04023743,80.25630951,81.50463867
42119,24.47330856,24.15493011,23.80772018,23.44698715,23.07991791,22.70957565,22.33699036,21.96225739,21.58501434,21.20471954,20.82075119,20.43242645,20.03902054,19.63978958
45001,4.03805542,4.078887939,4.128662109,4.183166504,4.239883423,4.297317505,4.354560852,4.411102295,4.466644287,4.521064758,4.574295044,4.626312256,4.677146912,4.726829529
45013,34.29781342,34.10335922,33.90728378,33.70704269,33.5026741,33.29412842,33.08135986,32.86428833,32.6428566,32.41698074,32.18653107,31.9513855,31.71135712,31.4662056
45029,6.105213165,6.054603577,6.0405159,6.045150757,6.05973053,6.079536438,6.102035522,6.125846863,6.150230408,6.174789429,6.199314117,6.223678589,6.247848511,6.271781921
45053,3.466796875,3.537155151,3.610733032,3.685432434,3.759925842,3.833404541,3.90537262,3.975585938,4.043930054,4.110366821,4.174919128,4.23764801,4.298629761,4.357917786
45075,13.58772659,13.68947601,13.74754333,13.76919174,13.76014709,13.7252388,13.66870117,13.59434509,13.50569153,13.40597916,13.29820633,13.18509293,13.06907654,12.95228958
46007,2.990097046,3.131164551,3.255371094,3.36668396,3.468162537,3.562034607,3.649932861,3.732978821,3.812004089,3.88760376,3.960212708,4.030166626,4.097732544,4.163093567
46009,8.691444397,8.662895203,8.648258209,8.641609192,8.639575958,8.640197754,8.642337799,8.64535141,8.648857117,8.652618408,8.656532288,8.660514832,8.664512634,8.668521881
46027,23.16423798,22.94078064,22.64925766,22.32025909,21.970047,21.60700226,21.23522949,20.85660553,20.47184372,20.0810051,19.6837616,19.27959061,18.86786652,18.44785309
46047,8.310043335,8.325675964,8.337329865,8.346687317,8.354743958,8.362049103,8.368888855,8.375453949,8.381851196,8.388118744,8.394302368,8.400413513,8.406467438,8.412475586
46069,4.229385376,4.330535889,4.412780762,4.483200073,4.546020508,4.60382843,4.658180237,4.710037231,4.759994507,4.808403015,4.855514526,4.90146637,4.946372986,4.990310669
46103,140.2568207,140.2527771,140.2463989,140.2365723,140.2218628,140.2005005,140.1704254,140.1292114,140.0742493,140.0027466,139.9120483,139.7997284,139.6637573,139.5028076
47003,38.39949799,38.30493927,38.20695496,38.10647583,38.00344467,37.89780045,37.78949738,37.67846298,37.56466293,37.44801331,37.32848358,37.20599747,37.08050156,36.95193481
47021,18.42470932,18.42926788,18.34473038,18.18575668,17.96602249,17.69722366,17.38869476,17.04776001,16.68013763,16.29051971,15.88315964,15.46239471,15.03316116,14.60138321
47025,11.08570099,11.13248444,11.15622711,11.1640358,11.16077423,11.14982986,11.13357544,11.11371231,11.09145355,11.06766891,11.04298019,11.0178299,10.99251556,10.9672699
47031,28.46668243,28.48880768,28.27253723,27.94449234,27.55802155,27.13222504,26.67972565,26.21587753,25.75665283,25.31270599,24.88724136,24.47837067,24.08232498,23.69530869
47087,12.393013,12.35526276,12.31008911,12.259552,12.20535278,12.14887238,12.09120941,12.03319931,11.97551727,11.91866684,11.86299896,11.80875397,11.75610352,11.70512772
47097,36.28359604,36.13593674,35.98481369,35.83016968,35.67195511,35.51012039,35.34460831,35.17536545,35.00233841,34.82548523,34.6447525,34.46010971,34.27149963,34.0788765
47105,26.49391556,26.26552582,25.94223404,25.57071686,25.17963409,24.78474808,24.3930397,24.00647354,23.62464905,23.24631119,22.87003708,22.49452591,22.11860657,21.74127579
47169,5.679328918,5.773910522,5.838001251,5.885593414,5.924057007,5.95741272,5.987827301,6.01651001,6.044090271,6.070934296,6.097232819,6.123100281,6.148597717,6.17375946
47189,102.743042,104.2349243,105.7096176,107.16185,108.5863342,109.977951,111.3317566,112.643158,113.9080124,115.1226654,116.2840881,117.3898773,118.4383545,119.4285126
48015,1.776062012,1.763748169,1.798782349,1.866783142,1.956939697,2.061584473,2.175201416,2.293807983,2.414451599,2.53502655,2.653999329,2.770339966,2.883361816,2.992660522
48023,0.56489563,0.687286377,0.820556641,0.962417603,1.110328674,1.262115479,1.415962219,1.570281982,1.723709106,1.875076294,2.023399353,2.167900085,2.307983398,2.443229675
48041,91.74645996,93.21874237,94.70662689,96.20662689,97.71488953,99.22721863,100.7391052,102.2457733,103.7421875,105.2231674,106.6834259,108.117691,109.520752,110.8876038
48057,1.477172852,1.543540955,1.634544373,1.742424011,1.861305237,1.986839294,2.115760803,2.245613098,2.374572754,2.501319885,2.624923706,2.744750977,2.860435486,2.971794128
48073,0.465148926,0.300010681,0.238975525,0.247848511,0.302482605,0.388084412,0.495429993,0.618484497,0.753067017,0.89604187,1.044937134,1.197731018,1.35269165,1.508277893
48083,4.813407898,4.740829468,4.722236633,4.732398987,4.758590698,4.79359436,4.833274841,4.87525177,4.918159485,4.961204529,5.003974915,5.046234131,5.087860107,5.128799438
48113,140.2622375,140.2621002,140.2621155,140.2621002,140.2621155,140.2621002,140.2621155,140.2621002,140.2621155,140.2621002,140.2621155,140.2621002,140.2621155,140.2621002
48115,13.36431503,13.51579285,13.61453629,13.67041397,13.6906929,13.68111038,13.64649963,13.59103775,13.51850128,13.43233871,13.33571625,13.23150253,13.12232208,13.01049423
48137,0.20324707,0.266418457,0.356590271,0.466972351,0.592155457,0.728256226,0.872375488,1.02217865,1.175735474,1.331359863,1.487571716,1.643058777,1.796684265,1.94745636
48191,1.391441345,1.498764038,1.618797302,1.747245789,1.880577087,2.016082764,2.151657104,2.285720825,2.417098999,2.544952393,2.668716431,2.788063049,2.902832031,3.013015747
48215,127.4028473,127.7466736,128.061676,128.3501129,128.6141357,128.8557739,129.076889,129.2792053,129.4643707,129.6337891,129.7888489,129.9307709,130.0606995,130.1796417
48221,11.79875946,11.96698761,12.07542419,12.14131927,12.17596436,12.18722916,12.18087006,12.16120911,12.13157654,12.09460068,12.05236053,12.00650024,11.95830917,11.9087944
48253,104.630394,106.0996246,107.5449677,108.9611816,110.3431778,111.6860962,112.9854736,114.2372589,115.437973,116.5847473,117.6753845,118.7083588,119.6828613,120.5987701
48271,0.414047241,0.509231567,0.622009277,0.748962402,0.886352539,1.031173706,1.181037903,1.33391571,1.488113403,1.642127991,1.794692993,1.944725037,2.091339111,2.233840942
48279,20.33721542,20.78736115,21.00575256,21.03236389,20.91768646,20.70610809,20.43016815,20.11136246,19.7631073,19.39346695,19.00712967,18.60669327,18.19352722,17.76829529
48287,0.901130676,0.969482422,1.064353943,1.178009033,1.304679871,1.440055847,1.580833435,1.72442627,1.868743896,2.012130737,2.153289795,2.291213989,2.425186157,2.554702759
48317,5.700790405,5.836425781,5.921775818,5.980148315,6.023788452,6.059322357,6.090320587,6.118728638,6.14560318,6.171516418,6.196777344,6.221557617,6.245956421,6.270015717
48323,23.8743248,23.60722351,23.28937531,22.94526672,22.58721924,22.22115707,21.8497467,21.47400284,21.09409714,20.70978546,20.3205986,19.92596436,19.52516937,19.11748505
48333,1.884292603,1.868850708,1.901565552,1.967300415,2.05506134,2.157119751,2.267974854,2.383621216,2.501159668,2.618515015,2.734237671,2.847343445,2.957176208,3.063369751
48339,128.6554871,128.8935547,129.1114655,129.3108521,129.4933167,129.6602936,129.8131104,129.9529724,130.0810089,130.1982422,130.305603,130.4039307,130.493988,130.5765076
48379,10.12813187,10.20285797,10.24628067,10.2698555,10.28069687,10.28330231,10.28056717,10.27440262,10.26602936,10.25627136,10.24565125,10.23454666,10.22315598,10.21165848
48393,0.713035583,0.825660706,0.951431274,1.087524414,1.230766296,1.378547668,1.5287323,1.679519653,1.829414368,1.97718811,2.121826172,2.262573242,2.398849487,2.530296326
48439,140.2622375,140.2621002,140.2621155,140.2621002,140.2621155,140.2621002,140.2621155,140.2621002,140.2621155,140.2621002,140.2621155,140.2621002,140.2621155,140.2621002
48463,14.62427139,14.77539063,14.87102509,14.91761017,14.92047119,14.88431549,14.81362534,14.71275711,14.58605957,14.43787384,14.27254486,14.09439468,13.90766144,13.71646881
48469,27.83258438,28.01519394,27.91171646,27.64120102,27.27853012,26.86237717,26.41722488,25.96368408,25.51746368,25.08650589,24.67190933,24.27116394,23.88074112,23.49736786
48479,140.2488861,140.2402039,140.2272339,140.2082214,140.1812134,140.1438599,140.0936127,140.027771,139.9435272,139.8384094,139.7102356,139.5574493,139.3792267,139.1756744
48487,12.63532257,12.21053314,11.85166931,11.55878067,11.32662964,11.14662933,11.00894928,10.9041481,10.82408142,10.76217651,10.71339035,10.67398071,10.64123917,10.61323547
50013,1.348205566,1.40007019,1.48135376,1.58341217,1.699462891,1.824455261,1.95463562,2.087158203,2.219841003,2.351074219,2.479690552,2.60483551,2.725975037,2.842788696
50019,3.474197388,3.641151428,3.773529053,3.882278442,3.975028992,4.056907654,4.131256104,4.200279236,4.265357971,4.327407837,4.387031555,4.444618225,4.500434875,4.554672241
50027,1.625709534,1.650169373,1.711105347,1.79750061,1.900932312,2.015296936,2.136131287,2.260147095,2.384918213,2.508674622,2.630149841,2.74848175,2.863113403,2.973747253
51001,3.808158875,4.044555664,4.212654114,4.336288452,4.431816101,4.509750366,4.57661438,4.636413574,4.691589355,4.743598938,4.793334961,4.841316223,4.887886047,4.933250427
51033,3.395057678,3.488494873,3.577072144,3.661468506,3.742218018,3.819725037,3.894302368,3.966217041,4.035690308,4.102897644,4.167984009,4.231109619,4.292396545,4.35194397
51047,26.50083542,25.94989777,25.44776917,24.98773193,24.55934143,24.15254974,23.75967789,23.37535858,22.99593735,22.61890411,22.24246597,21.86527252,21.4862175,21.10439682
51049,0.793922424,0.898948669,1.020248413,1.153007507,1.293556213,1.439025879,1.587097168,1.73588562,1.883796692,2.029571533,2.172210693,2.310943604,2.445220947,2.574684143
51071,4.640441895,4.704620361,4.761566162,4.813911438,4.863182068,4.91027832,4.955749512,4.999916077,5.042984009,5.085083008,5.126304626,5.1667099,5.206344604,5.245246887
51081,0.982879639,1.091926575,1.214881897,1.347991943,1.487747192,1.631324768,1.776489258,1.921432495,2.064697266,2.205162048,2.34197998,2.474533081,2.602424622,2.725448608
51093,5.188095093,5.336212158,5.433227539,5.501647949,5.553993225,5.597229004,5.635246277,5.67017746,5.703220367,5.735031128,5.765968323,5.79624939,5.82598877,5.855258942
51097,0.422233582,0.492797852,0.587310791,0.701072693,0.828887939,0.966819763,1.111831665,1.261505127,1.41381073,1.567024231,1.719680786,1.870536804,2.018547058,2.162887573
51147,2.876296997,2.865943909,2.895507813,2.950370789,3.020973206,3.100906372,3.185882568,3.273017883,3.360412598,3.446861267,3.531608582,3.614212036,3.694450378,3.772224426
51157,0.830932617,1.002731323,1.174171448,1.343154907,1.509117126,1.671524048,1.829864502,1.983657837,2.132469177,2.276008606,2.414047241,2.54650116,2.673370361,2.79473114
51159,0.762557983,0.761421204,0.804603577,0.882202148,0.984085083,1.102996826,1.23374939,1.372444153,1.516082764,1.662254333,1.808990479,1.954727173,2.098182678,2.238380432
51169,15.02947235,15.14916611,15.21495819,15.23214722,15.20549774,15.13955688,15.03882217,14.90786362,14.75123215,14.57358551,14.37958145,14.17391205,13.9611969,13.74591446
51181,0.526351929,0.64931488,0.784057617,0.927131653,1.076042175,1.228713989,1.383399963,1.538574219,1.692901611,1.845199585,1.994522095,2.140060425,2.281211853,2.417541504
51195,23.04534149,22.85882187,22.58851242,22.27155685,21.92817307,21.56897354,21.19933701,20.82187271,20.43764877,20.04695129,19.64959717,19.24513245,18.83295059,18.41237259
51199,7.815753937,7.890708923,7.935768127,7.964672089,7.984664917,7.999702454,8.011978149,8.022689819,8.032505035,8.041793823,8.050758362,8.059516907,8.068134308,8.076637268
51640,2.784843445,2.850341797,2.928863525,3.015014648,3.105064392,3.196479797,3.287597656,3.377342224,3.465057373,3.550354004,3.633071899,3.713134766,3.79057312,3.865478516
51650,22.37637711,22.73908997,22.81371307,22.6990242,22.47142792,22.17922211,21.85007095,21.49904633,21.13406754,20.75916672,20.37625504,19.98604965,19.58864212,19.18375015
51660,10.72531128,10.89020538,10.9920578,11.05303955,11.08659744,11.10141754,11.10330963,11.09624481,11.08301163,11.06557083,11.04530334,11.02320099,10.99998093,10.97612762
51720,0.369247437,0.480018616,0.605644226,0.742095947,0.886459351,1.036407471,1.1900177,1.345603943,1.501693726,1.656974792,1.810317993,1.960739136,2.107444763,2.249809265
53001,23.01018143,23.48397446,23.60791016,23.50951385,23.28444672,22.99063492,22.65996933,22.3091507,21.94657898,21.57629395,21.20009613,20.81860733,20.43183136,20.03943634
53011,130.5540466,130.6315002,130.7025146,130.7676239,130.827301,130.8820343,130.9322205,130.978241,131.020462,131.0592041,131.0947266,131.1273193,131.1572571,131.1847229
53033,140.2622375,140.2621002,140.2621155,140.2621002,140.2621155,140.2621002,140.2621155,140.2621002,140.2621155,140.2621002,140.2621155,140.2621002,140.2621155,140.2621002
53045,8.044178009,8.092258453,8.122306824,8.142501831,8.157203674,8.168815613,8.178672791,8.187522888,8.195793152,8.203708649,8.211399078,8.218925476,8.226364136,8.233715057
53069,0.258956909,0.388557434,0.527565002,0.673789978,0.825424194,0.980888367,1.138786316,1.297798157,1.456710815,1.6144104,1.769889832,1.922264099,2.070785522,2.214859009
54023,3.673721313,3.718406677,3.774429321,3.836509705,3.901550293,3.967628479,4.033592224,4.098731995,4.162651062,4.225135803,4.286109924,4.345535278,4.403434753,4.459846497
54067,6.346012115,6.394996643,6.43126297,6.460700989,6.486385345,6.50995636,6.532291412,6.553863525,6.574935913,6.59564209,6.61605835,6.636234283,6.656196594,6.675956726
54073,2.295974731,2.47127533,2.62903595,2.77192688,2.902610779,3.023277283,3.135627747,3.241012573,3.340461731,3.434791565,3.524642944,3.61050415,3.692802429,3.771865845
54081,21.25000381,21.14672852,20.94062424,20.66734314,20.35020065,20.00357056,19.63593292,19.25216675,18.85493088,18.44559097,18.02473068,17.59254074,17.1491127,16.69473648
54083,11.45957565,11.583992,11.66086197,11.70444489,11.72418976,11.72664642,11.71650314,11.69723892,11.67140579,11.64097214,11.60739136,11.57176971,11.53494644,11.49753952
54091,5.37991333,5.441867828,5.491233826,5.533321381,5.571151733,5.606414795,5.640060425,5.672592163,5.704330444,5.735424042,5.765983582,5.796058655,5.825687408,5.854888916
55029,26.34682465,25.75596237,25.23720932,24.77299118,24.34540176,23.94072342,23.54981995,23.16685486,22.78810501,22.41110229,22.03412247,21.6558609,21.27529526,20.89152527
55097,71.1461792,72.12550354,73.13633728,74.17916107,75.25434875,76.36218262,77.50282288,78.67629242,79.88246155,81.12102509,82.39146423,83.69306183,85.02483368,86.38555145
55107,30.83103561,30.56056213,30.28710175,30.00528717,29.713871,29.41116714,29.09494019,28.76227951,28.40955734,28.03263092,27.62791061,27.19464111,26.73813248,26.27086258
55127,123.0173645,123.707962,124.3473434,124.9380493,125.4827423,125.9842072,126.4452515,126.8686142,127.2570343,127.6131287,127.9393692,128.2381439,128.5116577,128.7619934
55137,18.59352875,18.18587494,17.76491165,17.33134079,16.88572693,16.42885971,15.96211243,15.48784637,15.00984192,14.53360748,14.06652832,13.61746979,13.195961,12.81084824
56019,5.953483582,6.074325562,6.149974823,6.20174408,6.240596771,6.272384644,6.300243378,6.325874329,6.350196838,6.373695374,6.396648407,6.419185638,6.44140625,6.463340759
72005,8.011856079,8.0157547,8.021892548,8.029178619,8.037078857,8.045284271,8.053642273,8.062057495,8.070472717,8.078861237,8.087223053,8.09552002,8.10377121,8.111961365
72019,8.647994995,8.710220337,8.747161865,8.769805908,8.784198761,8.793815613,8.800643921,8.805835724,8.810058594,8.813724518,8.817047119,8.820144653,8.823123932,8.826015472
72047,8.158500671,8.245033264,8.295619965,8.326793671,8.347110748,8.361309052,8.37204361,8.380783081,8.388385773,8.395317078,8.401851654,8.408138275,8.414279938,8.420288086
72113,8.240821838,8.25573349,8.266921997,8.276237488,8.284477234,8.29209137,8.299339294,8.306346893,8.313209534,8.319965363,8.326641083,8.333248138,8.339794159,8.346286774
72119,6.596343994,6.622142792,6.645111084,6.666511536,6.686981201,6.706874847,6.72636795,6.745571136,6.764533997,6.783298492,6.801864624,6.82025528,6.838459015,6.856513977
