"fips","2020-11-16","2020-11-17","2020-11-18","2020-11-19","2020-11-20","2020-11-21","2020-11-22","2020-11-23","2020-11-24","2020-11-25","2020-11-26","2020-11-27","2020-11-28","2020-11-29","name"
1017,11.9843368530273,11.6695785522461,11.4525833129883,11.2634811401367,11.088623046875,10.9247131347656,10.7703857421875,10.6246871948242,10.4868469238281,10.3562164306641,10.2322235107422,10.1143569946289,10.0021820068359,9.89530181884766,"Chambers , Alabama"
1027,4.84744262695312,4.90089416503906,4.95462036132812,5.00721740722656,5.05879211425781,5.10932922363281,5.15885162353516,5.20736694335938,5.25489807128906,5.30142211914062,5.34700012207031,5.39163208007812,5.43531799316406,5.47808837890625,"Clay , Alabama"
1041,4.25743865966797,4.31436157226562,4.37879180908203,4.44170379638672,4.50362396240234,4.56449127197266,4.62431335449219,4.68308258056641,4.74080657958984,4.79746246337891,4.85307312011719,4.90763092041016,4.96113586425781,5.01359558105469,"Crenshaw , Alabama"
1055,66.4052505493164,61.6783905029297,56.2653617858887,51.2868804931641,47.0087432861328,43.3853187561035,40.3035163879395,37.6599159240723,35.3729553222656,33.3794364929199,31.6298713684082,30.0849151611328,28.7128562927246,27.4878959655762,"Etowah , Alabama"
1077,58.1926689147949,53.927734375,49.4901580810547,45.5390014648438,42.1488380432129,39.2475700378418,36.7489280700684,34.5806159973145,32.6854133605957,31.0180931091309,29.5424842834473,28.2293243408203,27.0546684265137,25.9987525939941,"Lauderdale , Alabama"
1105,2.99550628662109,3.06267547607422,3.14147186279297,3.21901702880859,3.29600524902344,3.37234497070312,3.44801330566406,3.52296447753906,3.59719085693359,3.67062377929688,3.74325561523438,3.8150634765625,3.88599395751953,3.9560546875,"Perry , Alabama"
2050,24.9769859313965,23.870433807373,23.0842590332031,22.3848266601562,21.7423286437988,21.1475524902344,20.5939826965332,20.0759925842285,19.5884819030762,19.1267547607422,18.6864166259766,18.2632179260254,17.8530006408691,17.4515113830566,"Bethel Census Area , Alaska"
2068,1.08716583251953,1.15386962890625,1.23264312744141,1.31132507324219,1.39051818847656,1.47015380859375,1.55016326904297,1.63053894042969,1.71121978759766,1.79213714599609,1.87327575683594,1.95457458496094,2.03597259521484,2.11746215820312,"Denali Borough , Alaska"
2230,0.573280334472656,0.636665344238281,0.71075439453125,0.785079956054688,0.860183715820312,0.935981750488281,1.01247406005859,1.089599609375,1.16732025146484,1.24559783935547,1.32437896728516,1.40364837646484,1.48336029052734,1.56343841552734,"Skagway Municipality , Alaska"
4017,48.7360382080078,45.5756225585938,42.3146896362305,39.4139595031738,36.8966598510742,34.7098388671875,32.7987976074219,31.1181602478027,29.6312942504883,28.3085670471191,27.1257171630859,26.0627708435059,25.1030349731445,24.2325057983398,"Navajo , Arizona"
5001,9.30164337158203,9.17115020751953,9.09213256835938,9.02266693115234,8.95732116699219,8.89481353759766,8.83480072021484,8.77708435058594,8.72156524658203,8.66813659667969,8.61670684814453,8.56718444824219,8.51947784423828,8.4735107421875,"Arkansas , Arkansas"
5027,8.85916137695312,8.82083892822266,8.76734161376953,8.71312713623047,8.66025543212891,8.60916900634766,8.55992889404297,8.51248931884766,8.46677398681641,8.42272186279297,8.38025665283203,8.33927917480469,8.29977416992188,8.26165771484375,"Columbia , Arkansas"
5077,2.49887847900391,2.59319305419922,2.67307281494141,2.75340270996094,2.83336639404297,2.91291046142578,2.99201202392578,3.07064056396484,3.14874267578125,3.22625732421875,3.30319976806641,3.37948608398438,3.455078125,3.52996826171875,"Lee , Arkansas"
5081,6.19904327392578,6.23220062255859,6.25494384765625,6.27822875976562,6.30117797851562,6.32374572753906,6.34586334228516,6.36749267578125,6.38862609863281,6.40922546386719,6.4293212890625,6.44890594482422,6.46799468994141,6.48658752441406,"Little River , Arkansas"
5111,17.2814788818359,16.8869285583496,16.4886436462402,16.0830421447754,15.6660766601562,15.2350273132324,14.7905502319336,14.339183807373,13.89453125,13.47412109375,13.0920333862305,12.7529678344727,12.4531478881836,12.1853713989258,"Poinsett , Arkansas"
5137,2.07036590576172,2.14688110351562,2.2286376953125,2.31005859375,2.39138793945312,2.47256469726562,2.55355072021484,2.63430023193359,2.71475982666016,2.79489898681641,2.87464141845703,2.95397186279297,3.03282928466797,3.11117553710938,"Stone , Arkansas"
6001,194.443328857422,191.978363037109,186.500335693359,180.348754882812,173.871322631836,167.231170654297,160.539489746094,153.854705810547,147.179443359375,140.46272277832,133.603668212891,126.454734802246,118.828025817871,110.518280029297,"Alameda , California"
6019,216.620391845703,215.443969726562,214.294982910156,212.802459716797,210.865173339844,208.390441894531,205.292907714844,201.509735107422,197.018646240234,191.85205078125,186.100189208984,179.898773193359,173.402786254883,166.755554199219,"Fresno , California"
6053,97.1904602050781,88.7766494750977,79.5215301513672,70.5263748168945,62.6499710083008,56.1792373657227,50.9444313049316,46.653980255127,43.0709190368652,40.0323257446289,37.4257278442383,35.1694030761719,33.2012939453125,31.472972869873,"Monterey , California"
6083,47.9989471435547,44.6743202209473,41.4905090332031,38.6962699890137,36.2741050720215,34.1670074462891,32.3224563598633,30.6975936889648,29.257869720459,27.9752349853516,26.8266906738281,25.7932205200195,24.8589363098145,24.0104484558105,"Santa Barbara , California"
6089,112.091377258301,111.746841430664,107.054397583008,99.7694625854492,90.8898773193359,81.2759552001953,71.9320907592773,63.7364883422852,57.019287109375,51.6129837036133,47.2030868530273,43.5321846008301,40.4255638122559,37.7644958496094,"Shasta , California"
8017,1.50154113769531,1.58988952636719,1.66996765136719,1.75079345703125,1.83183288574219,1.91304779052734,1.99440765380859,2.07584381103516,2.15734100341797,2.23880767822266,2.32023620605469,2.40154266357422,2.48269653320312,2.56367492675781,"Cheyenne , Colorado"
8023,1.84998321533203,1.93029022216797,2.01172637939453,2.09318542480469,2.17467498779297,2.25612640380859,2.3375244140625,2.4188232421875,2.49994659423828,2.58086395263672,2.66151428222656,2.74185943603516,2.82186889648438,2.90147399902344,"Costilla , Colorado"
8031,219.636566162109,218.749938964844,218.712280273438,218.710632324219,218.710571289062,218.710571289062,218.710571289062,218.710571289062,218.710571289062,218.710571289062,218.710571289062,218.710571289062,218.710571289062,218.710571289062,"Denver , Colorado"
8041,219.636016845703,218.749908447266,218.712249755859,218.710632324219,218.710571289062,218.710571289062,218.710571289062,218.710571289062,218.710571289062,218.710571289062,218.710571289062,218.710571289062,218.710571289062,218.710571289062,"El Paso , Colorado"
8055,4.76878356933594,4.83137512207031,4.88590240478516,4.93979644775391,4.99259185791016,5.04431915283203,5.09500885009766,5.14463806152344,5.19326782226562,5.24093627929688,5.28763580322266,5.33340454101562,5.37830352783203,5.42230224609375,"Huerfano , Colorado"
8061,1.27140808105469,1.34675598144531,1.42634582519531,1.50614929199219,1.58634185791016,1.66684722900391,1.74764251708984,1.82865905761719,1.90987396240234,1.99122619628906,2.07266998291016,2.15415954589844,2.23562622070312,2.31705474853516,"Kiowa , Colorado"
8065,4.10721588134766,4.17817687988281,4.24396514892578,4.30905151367188,4.37309265136719,4.43611145019531,4.49811553955078,4.55908203125,4.61898803710938,4.6778564453125,4.73566436767578,4.79239654541016,4.84807586669922,4.90270233154297,"Lake , Colorado"
8067,21.2989463806152,20.7599945068359,20.2344398498535,19.7382507324219,19.2689781188965,18.8223991394043,18.3942947387695,17.9804534912109,17.5766983032227,17.1786766052246,16.7818794250488,16.3816223144531,15.9732093811035,15.5526123046875,"La Plata , Colorado"
8087,28.4795112609863,27.4238510131836,26.3462028503418,25.360912322998,24.4669494628906,23.6532897949219,22.9094581604004,22.2263565063477,21.596076965332,21.01171875,20.467155456543,19.9568710327148,19.4759368896484,19.0197105407715,"Morgan , Colorado"
8111,0.9180908203125,0.986465454101562,1.06380462646484,1.14130401611328,1.21940612792969,1.29803466796875,1.37714385986328,1.45670318603516,1.53666687011719,1.61697387695312,1.69760131835938,1.77848815917969,1.85960388183594,1.94087219238281,"San Juan , Colorado"
8113,5.04913330078125,5.11074829101562,5.15935516357422,5.20766448974609,5.25493621826172,5.30123901367188,5.34665679931641,5.39118194580078,5.43486022949219,5.47768402099609,5.51966094970703,5.56075286865234,5.60095977783203,5.64029693603516,"San Miguel , Colorado"
8115,2.40382385253906,2.48445892333984,2.56545257568359,2.64614868164062,2.72658538818359,2.80664825439453,2.88633728027344,2.96559143066406,3.04438781738281,3.12267303466797,3.20040130615234,3.27752685546875,3.35402679443359,3.42986297607422,"Sedgwick , Colorado"
12065,2.48066711425781,2.544921875,2.62664031982422,2.70708465576172,2.78723907470703,2.86703491210938,2.9464111328125,3.02530670166016,3.10372161865234,3.18157196044922,3.25886535644531,3.33552551269531,3.41152191162109,3.48681640625,"Jefferson , Florida"
12085,23.8469848632812,23.1562843322754,22.460147857666,21.812816619873,21.2130661010742,20.6551132202148,20.1333312988281,19.6425895690918,19.1781463623047,18.7355880737305,18.3106498718262,17.8991661071777,17.4968910217285,17.0994873046875,"Martin , Florida"
12087,34.1753540039062,32.4766540527344,30.8519973754883,29.3971710205078,28.0998611450195,26.9385604858398,25.8941078186035,24.9503402709961,24.0936279296875,23.3124084472656,22.5967864990234,21.9382362365723,21.3293151855469,20.7634620666504,"Monroe , Florida"
12101,109.766319274902,102.456352233887,93.5894470214844,83.8843078613281,74.2624282836914,65.662841796875,58.5542869567871,52.843879699707,48.2131881713867,44.3786506652832,41.1456108093262,38.3837013244629,36.0007858276367,33.9281158447266,"Pasco , Florida"
12119,11.8582077026367,11.5210037231445,11.3103790283203,11.1300201416016,10.9632797241211,10.8067016601562,10.6589889526367,10.5193252563477,10.3870239257812,10.2614822387695,10.1421813964844,10.028678894043,9.92055511474609,9.81744384765625,"Sumter , Florida"
12129,11.8372116088867,11.5749053955078,11.3721160888672,11.1895065307617,11.0193939208984,10.8595886230469,10.7089462280273,10.5665969848633,10.4318237304688,10.3040084838867,10.1826095581055,10.0671463012695,9.95722961425781,9.85243988037109,"Wakulla , Florida"
13001,3.0186767578125,3.09073638916016,3.16905975341797,3.24641418457031,3.32318115234375,3.39928436279297,3.47470855712891,3.54940795898438,3.62334442138672,3.69649505615234,3.76883697509766,3.84033203125,3.91095733642578,3.98070526123047,"Appling , Georgia"
13021,28.9851379394531,27.740795135498,26.6171188354492,25.6042060852051,24.6875915527344,23.8544044494629,23.0936279296875,22.3957824707031,21.752685546875,21.1571998596191,20.6029930114746,20.0844421386719,19.5964584350586,19.134334564209,"Bibb , Georgia"
13033,6.64474487304688,6.65303802490234,6.66596984863281,6.67873382568359,6.69141387939453,6.703857421875,6.71604156494141,6.72793579101562,6.739501953125,6.75077056884766,6.76174163818359,6.77238464355469,6.78275299072266,6.79282379150391,"Burke , Georgia"
13037,1.15890502929688,1.19261932373047,1.27349090576172,1.35231018066406,1.4317626953125,1.51158905029297,1.591796875,1.67233276367188,1.75314331054688,1.83419036865234,1.9154052734375,1.99676513671875,2.07821655273438,2.15969848632812,"Calhoun , Georgia"
13073,62.1668167114258,56.3091201782227,51.2146072387695,46.920711517334,43.3049850463867,40.2338218688965,37.599681854248,35.3206024169922,33.3336296081543,31.5895309448242,30.0491752624512,28.681022644043,27.459400177002,26.3631439208984,"Columbia , Georgia"
13075,8.12931060791016,8.07540893554688,8.03897857666016,8.00785827636719,7.97914123535156,7.95185852050781,7.92564392089844,7.90035247802734,7.87593841552734,7.85233306884766,7.82952117919922,7.80746459960938,7.7861328125,7.76551818847656,"Cook , Georgia"
13085,5.12922668457031,5.19561004638672,5.24226379394531,5.28910827636719,5.33494567871094,5.37984466552734,5.42381286621094,5.46687316894531,5.50902557373047,5.55027008056641,5.59062957763672,5.63009643554688,5.66870880126953,5.70645904541016,"Dawson , Georgia"
13117,51.4668731689453,48.2272148132324,44.6481781005859,41.4256935119629,38.6331596374512,36.2182807922363,34.1181373596191,32.2795219421387,30.6596488952637,29.2241516113281,27.9451103210449,26.7996406555176,25.7688331604004,24.8368301391602,"Forsyth , Georgia"
13127,16.7829856872559,16.3969764709473,15.9936714172363,15.5754814147949,15.1420364379883,14.6956100463867,14.2444381713867,13.8034820556641,13.3902587890625,13.0171966552734,12.6869049072266,12.3944320678711,12.1324691772461,11.8946838378906,"Glynn , Georgia"
13129,30.4265823364258,29.1643486022949,27.9078903198242,26.767936706543,25.7403984069824,24.8110809326172,23.9668731689453,23.1965293884277,22.4903602600098,21.840030670166,21.2382431030273,20.6785850524902,20.1553421020508,19.6633491516113,"Gordon , Georgia"
13131,3.63901519775391,3.69029998779297,3.76399230957031,3.83547210693359,3.90618133544922,3.97595977783203,4.04484558105469,4.11278533935547,4.17977142333984,4.24579620361328,4.31080627441406,4.37483215332031,4.43783569335938,4.49983215332031,"Grady , Georgia"
13135,216.170349121094,215.013397216797,213.734161376953,212.071228027344,209.925750732422,207.206390380859,203.834869384766,199.762756347656,194.988861083984,189.569580078125,183.616180419922,177.275909423828,170.702575683594,164.026809692383,"Gwinnett , Georgia"
13141,1.71487426757812,1.80012512207031,1.88105010986328,1.96235656738281,2.04378509521484,2.12525177001953,2.20674896240234,2.28818511962891,2.36955261230469,2.45078277587891,2.53182983398438,2.61264038085938,2.69317626953125,2.77340698242188,"Hancock , Georgia"
13175,7.31435394287109,7.31976318359375,7.32044982910156,7.31758117675781,7.313232421875,7.30826568603516,7.30313110351562,7.29800415039062,7.29297637939453,7.28807067871094,7.28330230712891,7.2786865234375,7.27419281005859,7.26984405517578,"Laurens , Georgia"
13181,2.93704223632812,3.01842498779297,3.09673309326172,3.17465209960938,3.25198364257812,3.32870483398438,3.40476989746094,3.48013305664062,3.55477142333984,3.628662109375,3.70176696777344,3.77404022216797,3.84546661376953,3.91604614257812,"Lincoln , Georgia"
13187,9.09666442871094,8.99198913574219,8.92192840576172,8.85944366455078,8.80045318603516,8.74398040771484,8.689697265625,8.63745880126953,8.587158203125,8.53871917724609,8.49205780029297,8.44709014892578,8.40373992919922,8.36193084716797,"Lumpkin , Georgia"
13189,5.76665496826172,5.80167388916016,5.83632659912109,5.87019348144531,5.9033203125,5.93570709228516,5.96736145019531,5.99827575683594,6.02848815917969,6.0579833984375,6.0867919921875,6.11491394042969,6.14237976074219,6.16916656494141,"McDuffie , Georgia"
13211,5.04131317138672,5.10360717773438,5.15250396728516,5.20115661621094,5.24877166748047,5.29541778564453,5.34109497070312,5.38581848144531,5.42961120605469,5.47246551513672,5.51441192626953,5.55547332763672,5.59565734863281,5.63495635986328,"Morgan , Georgia"
13245,49.8525695800781,42.929500579834,39.3357696533203,36.729850769043,34.5500221252441,32.6567077636719,30.9925308227539,29.519775390625,28.2090606689453,27.0364990234375,25.9823799133301,25.0302543640137,24.1663246154785,23.3788375854492,"Richmond , Georgia"
13289,1.30875396728516,1.37847900390625,1.45856475830078,1.53850555419922,1.61882019042969,1.69947052001953,1.78034210205078,1.86146545410156,1.94274139404297,2.02413177490234,2.10560607910156,2.18708801269531,2.26854705810547,2.34993743896484,"Twiggs , Georgia"
13313,92.7363891601562,88.6258392333984,81.5983963012695,73.5064163208008,65.6642684936523,58.8254699707031,53.1568298339844,48.4967422485352,44.6221351623535,41.3536224365234,38.5625305175781,36.1557502746582,34.0633773803711,32.231388092041,"Whitfield , Georgia"
15001,9.94527435302734,9.83467102050781,9.73480987548828,9.63997650146484,9.54944610595703,9.46282958984375,9.37991333007812,9.30048370361328,9.22433471679688,9.15129852294922,9.08121490478516,9.01393127441406,8.94928741455078,8.88718414306641,"Hawaii , Hawaii"
16029,4.48854064941406,4.53378295898438,4.59503173828125,4.65425109863281,4.71248626708984,4.76968383789062,4.82581329345703,4.88091278076172,4.93494415283203,4.98793029785156,5.03988647460938,5.09080505371094,5.14070129394531,5.18959808349609,"Caribou , Idaho"
16035,14.9173240661621,14.1397933959961,13.5518264770508,13.0948181152344,12.7295761108398,12.4239349365234,12.1567687988281,11.9163208007812,11.6962432861328,11.492790222168,11.3034744262695,11.1264572143555,10.960334777832,10.8039779663086,"Clearwater , Idaho"
16039,10.1678161621094,10.0665969848633,9.95844268798828,9.85385131835938,9.75382995605469,9.65829467773438,9.56695556640625,9.47959899902344,9.39595794677734,9.31585693359375,9.23908233642578,9.16545104980469,9.09480285644531,9.0269775390625,"Elmore , Idaho"
16043,9.11167144775391,9.04369354248047,8.97783660888672,8.91461181640625,8.85383605957031,8.79540252685547,8.73918914794922,8.68510437011719,8.63302612304688,8.58290100097656,8.53461456298828,8.48810577392578,8.44326019287109,8.40006256103516,"Fremont , Idaho"
16045,17.6837692260742,17.2875709533691,16.8916282653809,16.4930076599121,16.0873718261719,15.6705055236816,15.2396011352539,14.7952346801758,14.3438835144043,13.8990631103516,13.4783325195312,13.095817565918,12.7563095092773,12.4561157226562,"Gem , Idaho"
16053,27.4617919921875,26.4545669555664,25.4663162231445,24.5633697509766,23.741283416748,22.9900665283203,22.300537109375,21.6646766662598,21.0754623413086,20.5266914367676,20.0128173828125,19.5288124084473,19.0700187683105,18.632080078125,"Jerome , Idaho"
16063,4.06070709228516,4.13377380371094,4.20014190673828,4.26587677001953,4.33058929443359,4.39430999755859,4.45698547363281,4.51866912841797,4.57926940917969,4.63886260986328,4.69737243652344,4.75485992431641,4.81127166748047,4.86663055419922,"Lincoln , Idaho"
16083,108.473052978516,106.326438903809,100.454025268555,92.3777389526367,83.1554489135742,73.8484497070312,65.4396743774414,58.428581237793,52.7618064880371,48.1512908935547,44.3281173706055,41.1029243469238,38.3470687866211,35.9690475463867,"Twin Falls , Idaho"
17007,71.4415893554688,65.4533004760742,59.2604331970215,53.7184143066406,49.0180892944336,45.0723495483398,41.7384834289551,38.8932304382324,36.4420890808105,34.3131523132324,32.4507293701172,30.810905456543,29.3585395812988,28.065128326416,"Boone , Illinois"
17015,21.7104644775391,21.0735931396484,20.5201187133789,20.0060806274414,19.5223808288574,19.063907623291,18.6262168884277,18.2050971984863,17.7963523864746,17.3957366943359,16.9988403320312,16.6010665893555,16.197681427002,15.7841835021973,"Carroll , Illinois"
17041,17.864372253418,17.4663543701172,17.070011138916,16.672966003418,16.2710113525391,15.8596534729004,15.4352416992188,14.9965400695801,14.5470733642578,14.0972442626953,13.6635131835938,13.2625732421875,12.9037704467773,12.5867080688477,"Douglas , Illinois"
17055,41.6902542114258,38.9703254699707,36.527587890625,34.3904075622559,32.5188980102539,30.8711624145508,29.4120445251465,28.1129035949707,26.9502449035645,25.9046478271484,24.9598770141602,24.1022987365723,23.3203430175781,22.6040802001953,"Franklin , Illinois"
17065,12.4920959472656,12.1978225708008,11.9489669799805,11.7253189086914,11.5195846557617,11.3284378051758,11.1498336791992,10.982307434082,10.8246841430664,10.6759948730469,10.5354156494141,10.4022750854492,10.2759628295898,10.1559524536133,"Hamilton , Illinois"
17087,11.454704284668,11.2318420410156,11.0543823242188,10.8918762207031,10.7393188476562,10.5952987670898,10.4590301513672,10.3298187255859,10.207145690918,10.0904998779297,9.97946166992188,9.87363433837891,9.77268981933594,9.67630004882812,"Johnson , Illinois"
17099,138.305297851562,132.557876586914,125.791862487793,118.29231262207,110.010398864746,100.854644775391,90.91943359375,80.7086029052734,71.1117401123047,62.9098510742188,56.298152923584,51.0116195678711,46.7018966674805,43.1095924377441,"LaSalle , Illinois"
17101,18.7792282104492,18.3590545654297,17.947380065918,17.544490814209,17.1467933654785,16.7499160766602,16.3491706848145,15.9399185180664,15.5182151794434,15.0821723937988,14.6341972351074,14.1832962036133,13.7450637817383,13.3367614746094,"Lawrence , Illinois"
17135,17.0011825561523,16.6215858459473,16.2242584228516,15.8135070800781,15.3882598876953,14.9484100341797,14.4984130859375,14.0495223999023,13.6186370849609,13.2219772338867,12.8678359985352,12.5549163818359,12.2766647338867,12.0259475708008,"Montgomery , Illinois"
17193,10.3810424804688,10.2198486328125,10.0984573364258,9.98643493652344,9.88020324707031,9.77893829345703,9.68227386474609,9.58987426757812,9.50152587890625,9.41696166992188,9.33598327636719,9.25837707519531,9.1839599609375,9.11257171630859,"White , Illinois"
18055,18.8199806213379,18.4088821411133,17.997688293457,17.5942115783691,17.1961669921875,16.7994575500488,16.3994560241699,15.991512298584,15.5715217590332,15.1372528076172,14.6904182434082,14.2391471862793,13.79833984375,13.3855285644531,"Greene , Indiana"
18067,58.5924339294434,55.0927352905273,50.6914596557617,46.6041717529297,43.0634918212891,40.032470703125,37.4269256591797,35.1706047058105,33.2023735046387,31.4739379882812,29.9467620849609,28.5897941589355,27.3777122497559,26.2896423339844,"Howard , Indiana"
18095,90.8993377685547,85.4308624267578,77.8586578369141,69.8160095214844,62.406005859375,56.1162223815918,50.9358901977539,46.6580276489258,43.0767478942871,40.0377616882324,37.4305000305176,35.1735534667969,33.2049331665039,31.4761734008789,"Madison , Indiana"
18109,48.2868423461914,45.3392486572266,42.1403770446777,39.2691612243652,36.7722282409668,34.6015853881836,32.7038841247559,31.0344085693359,29.5569763183594,28.2422561645508,27.0662803649902,26.0092086791992,25.0545539855957,24.188419342041,"Morgan , Indiana"
18117,10.6687393188477,10.4698638916016,10.3337249755859,10.2099685668945,10.0930709838867,9.98189544677734,9.87595367431641,9.77489471435547,9.67840576171875,9.58618927001953,9.49800109863281,9.41358947753906,9.33274078369141,9.25527191162109,"Orange , Indiana"
18143,15.9288101196289,15.5306816101074,15.1047859191895,14.6615104675293,14.2123374938965,13.7736282348633,13.36328125,12.9933395385742,12.665901184082,12.3757553100586,12.1156311035156,11.8792953491211,11.6622161865234,11.4612197875977,"Scott , Indiana"
18145,34.2789268493652,32.5870208740234,30.9519271850586,29.4861946105957,28.1793632507324,27.0098991394043,25.9584083557129,25.0085639953613,24.1465873718262,23.3608055114746,22.6412200927734,21.9792327880859,21.3672981262207,20.7988548278809,"Shelby , Indiana"
18149,18.9031524658203,18.4778060913086,18.0625114440918,17.6572723388672,17.2585029602051,16.8618507385254,16.4626693725586,16.0562705993652,15.6383819580078,15.2063636779785,14.761157989502,14.3097381591797,13.8661193847656,13.447868347168,"Starke , Indiana"
18161,7.76045989990234,7.73362731933594,7.71212768554688,7.69293975830078,7.67496490478516,7.6578369140625,7.64134216308594,7.62540435791016,7.61000823974609,7.59510040283203,7.58068084716797,7.56673431396484,7.55323028564453,7.54013824462891,"Union , Indiana"
19017,44.9876518249512,41.365047454834,38.5195465087891,36.1102333068848,34.0224800109863,32.1953010559082,30.5851898193359,29.1579704284668,27.8859710693359,26.7465515136719,25.7209243774414,24.7934074401855,23.9507865905762,23.1818084716797,"Bremer , Iowa"
19019,28.7405052185059,27.562873840332,26.4614601135254,25.4640655517578,24.560489654541,23.7385787963867,22.9875755310059,22.2982597351074,21.6625633239746,21.0734901428223,20.5248489379883,20.0110931396484,19.5271759033203,19.068473815918,"Buchanan , Iowa"
19041,22.9819831848145,22.3215866088867,21.6869735717773,21.0964622497559,20.5463371276855,20.0312614440918,19.5462341308594,19.086597442627,18.6479759216309,18.2261047363281,17.8168296813965,17.4159126281738,17.0189552307129,16.6213264465332,"Clay , Iowa"
19079,29.0858459472656,28.0030136108398,26.8708000183105,25.8349761962891,24.8969612121582,24.0450744628906,23.2680282592773,22.5560340881348,21.9006385803223,21.2944526672363,20.7309799194336,20.2044525146484,19.709659576416,19.241813659668,"Hamilton , Iowa"
19101,18.9707145690918,18.5391883850098,18.1213340759277,17.7146682739258,17.3151779174805,16.9184951782227,16.5199699401855,16.1148719787598,15.6988410949707,15.2688941955566,14.8253021240234,14.3740768432617,13.9282836914062,13.5054016113281,"Jefferson , Iowa"
19137,10.9605712890625,10.7382888793945,10.5869903564453,10.4501724243164,10.3212890625,10.1990127563477,10.0827560424805,9.97209167480469,9.86660766601562,9.76598358154297,9.66988372802734,9.57804107666016,9.49020385742188,9.4061279296875,"Montgomery , Iowa"
19149,36.6551208496094,34.6931381225586,32.8101997375488,31.1314926147461,29.6435012817383,28.3194961547852,27.1355209350586,26.0715942382812,25.1110153198242,24.2397651672363,23.4459190368652,22.7193298339844,22.0512275695801,21.4339904785156,"Plymouth , Iowa"
19151,12.2304763793945,11.963752746582,11.7359085083008,11.5288543701172,11.3369750976562,11.1578216552734,10.9898071289062,10.8317489624023,10.6826553344727,10.5417251586914,10.4082565307617,10.2816390991211,10.1613540649414,10.0469284057617,"Pocahontas , Iowa"
19159,2.85511779785156,2.94696807861328,3.02517700195312,3.10362243652344,3.18148040771484,3.25876617431641,3.33543395996094,3.41142272949219,3.48672485351562,3.56130218505859,3.63512420654297,3.70814514160156,3.78035736083984,3.85171508789062,"Ringgold , Iowa"
19185,5.01620483398438,5.06163024902344,5.11235046386719,5.16172027587891,5.21012878417969,5.25754547119141,5.30398559570312,5.34946441650391,5.39400482177734,5.43761444091797,5.48029327392578,5.52207946777344,5.56296539306641,5.60297393798828,"Wayne , Iowa"
20041,15.7435455322266,15.3219718933105,14.8827285766602,14.4331665039062,13.9862976074219,13.5596771240234,13.1689147949219,12.8209381103516,12.5134201049805,12.2394866943359,11.9921798706055,11.7661514282227,11.5576171875,11.3639144897461,"Dickinson , Kansas"
20055,85.4598770141602,83.0176620483398,76.8879013061523,69.5563049316406,62.4476661682129,56.2476692199707,51.0738754272461,46.7804260253906,43.1816291809082,40.1276016235352,37.5079917907715,35.2409133911133,33.2639007568359,31.5281257629395,"Finney , Kansas"
20077,5.32481384277344,5.40322113037109,5.44457244873047,5.48731231689453,5.52907562255859,5.56998443603516,5.61000823974609,5.64915466308594,5.68743896484375,5.72486877441406,5.76144409179688,5.79719543457031,5.83210754394531,5.86621856689453,"Harper , Kansas"
20091,219.627166748047,218.749542236328,218.712249755859,218.710632324219,218.710571289062,218.710571289062,218.710571289062,218.710571289062,218.710571289062,218.710571289062,218.710571289062,218.710571289062,218.710571289062,218.710571289062,"Johnson , Kansas"
20133,16.0420227050781,15.6327056884766,15.2040824890137,14.7603492736816,14.3096313476562,13.8663330078125,13.4482116699219,13.0689468383789,12.7326126098633,12.4350814819336,12.1691055297852,11.9281005859375,11.7072143554688,11.5029907226562,"Neosho , Kansas"
20175,26.4655609130859,25.1471977233887,24.2410202026367,23.4440078735352,22.7172737121582,22.0493202209473,21.4322204589844,20.859302520752,20.3246231079102,19.8228416442871,19.3490943908691,18.898853302002,18.4678268432617,18.0517959594727,"Seward , Kansas"
20179,5.12792205810547,5.17585754394531,5.22409057617188,5.27124786376953,5.31745147705078,5.3626708984375,5.40695953369141,5.45032501220703,5.49275207519531,5.53427124023438,5.57491302490234,5.61466979980469,5.65357208251953,5.69161987304688,"Sheridan , Kansas"
20191,18.1038017272949,17.6994667053223,17.3006019592285,16.9040412902832,16.5053901672363,16.0999794006348,15.6834907531738,15.2530174255371,14.8090057373047,14.3576850891113,13.9124145507812,13.4906768798828,13.1068649291992,12.7660751342773,"Sumner , Kansas"
20199,3.27958679199219,3.35017395019531,3.42638397216797,3.50152587890625,3.57595062255859,3.64962768554688,3.72248840332031,3.79454803466797,3.86572265625,3.93604278564453,4.00544738769531,4.07394409179688,4.1414794921875,4.20805358886719,"Wallace , Kansas"
21015,88.8355255126953,84.5974349975586,77.6361389160156,69.8854675292969,62.5805931091309,56.3023681640625,51.101676940918,46.7991142272949,43.1964149475098,40.1400413513184,37.5186729431152,35.2501907348633,33.2720069885254,31.5352668762207,"Boone , Kentucky"
21039,3.2608642578125,3.35205078125,3.42706298828125,3.50227355957031,3.57669067382812,3.65033721923828,3.72320556640625,3.79524993896484,3.86643218994141,3.93672943115234,4.00614166259766,4.07460021972656,4.14214324951172,4.20870971679688,"Carlisle , Kentucky"
21067,207.798278808594,204.511016845703,200.567321777344,195.920181274414,190.613006591797,184.747741699219,178.466979980469,171.925750732422,165.260879516602,158.567626953125,151.887847900391,145.207977294922,138.461975097656,131.534820556641,"Fayette , Kentucky"
21077,2.95470428466797,3.04377746582031,3.12146759033203,3.19923400878906,3.2763671875,3.35288238525391,3.42872619628906,3.50386047363281,3.57827758789062,3.65191650390625,3.72476196289062,3.79678344726562,3.86794281005859,3.93821716308594,"Gallatin , Kentucky"
21085,14.3710517883301,13.9565124511719,13.5458450317383,13.1624984741211,12.817626953125,12.5112838745117,12.2378005981445,11.9907073974609,11.7648086547852,11.5563735961914,11.3627548217773,11.1819763183594,11.0124969482422,10.8531188964844,"Grayson , Kentucky"
21087,9.95207977294922,9.75570678710938,9.64956665039062,9.55683898925781,9.46961212158203,9.3863525390625,9.306640625,9.23023986816406,9.15696716308594,9.086669921875,9.01915740966797,8.95432281494141,8.89200592041016,8.83211517333984,"Green , Kentucky"
21119,5.81982421875,5.84513854980469,5.87896728515625,5.91162109375,5.94362640380859,5.9749755859375,6.00562286376953,6.03561401367188,6.06490325927734,6.09351348876953,6.1214599609375,6.14874267578125,6.17536926269531,6.20134735107422,"Knott , Kentucky"
21155,17.3767051696777,16.9846038818359,16.5880012512207,16.1847648620605,15.7710151672363,15.3436126708984,14.9021453857422,14.4514961242676,14.0035858154297,13.5755462646484,13.1830902099609,12.8334274291992,12.5244674682617,12.249397277832,"Marion , Kentucky"
21163,13.6044235229492,13.202880859375,12.848503112793,12.5369720458984,12.2603454589844,12.0110702514648,11.7835006713867,11.5736770629883,11.3788604736328,11.1970367431641,11.0266342163086,10.8664321899414,10.7154006958008,10.5727081298828,"Meade , Kentucky"
21175,6.01078033447266,6.05029296875,6.08014678955078,6.10948181152344,6.13780212402344,6.16522216796875,6.19181060791016,6.21762847900391,6.24273681640625,6.26716613769531,6.29094696044922,6.31412506103516,6.33669281005859,6.35869598388672,"Morgan , Kentucky"
21187,2.48879241943359,2.57817840576172,2.65837097167969,2.73876953125,2.81877899169922,2.89841461181641,2.97760009765625,3.05632781982422,3.134521484375,3.21215057373047,3.2891845703125,3.36558532714844,3.44131469726562,3.51634216308594,"Owen , Kentucky"
21197,13.3028182983398,12.4085922241211,11.9770431518555,11.715690612793,11.5042572021484,11.3130950927734,11.1353073120117,10.968635559082,10.8118057250977,10.663818359375,10.5238952636719,10.391357421875,10.2655944824219,10.1460952758789,"Powell , Kentucky"
21215,13.1957550048828,12.775993347168,12.4504928588867,12.1765289306641,11.9333648681641,11.7117462158203,11.5071411132812,11.3168487548828,11.1389923095703,10.9721145629883,10.8150787353516,10.6669082641602,10.5268249511719,10.3941268920898,"Spencer , Kentucky"
21223,2.30739593505859,2.38213348388672,2.46371459960938,2.54469299316406,2.62548065185547,2.70597076416016,2.78614044189453,2.86593627929688,2.9453125,3.02423095703125,3.10263824462891,3.18050384521484,3.25778961181641,3.33445739746094,"Trimble , Kentucky"
21229,8.69939422607422,8.64927673339844,8.59913635253906,8.55039978027344,8.50333404541016,8.45797729492188,8.41423797607422,8.3720703125,8.33139801025391,8.29218292236328,8.25433349609375,8.21783447265625,8.18260192871094,8.14858245849609,"Washington , Kentucky"
22017,111.555267333984,109.841674804688,104.317497253418,96.4954071044922,87.3235244750977,77.7384567260742,68.7641143798828,61.1159706115723,54.9155426025391,49.9086799621582,45.7929878234863,42.3440589904785,39.4111289978027,36.8896713256836,"Caddo , Louisiana"
22025,7.61563110351562,7.56390380859375,7.53731536865234,7.51957702636719,7.50547790527344,7.4930419921875,7.48151397705078,7.47055816650391,7.46005249023438,7.44989013671875,7.44007873535156,7.43058013916016,7.42137908935547,7.41246032714844,"Catahoula , Louisiana"
22031,7.26856994628906,7.24855041503906,7.23770904541016,7.23127746582031,7.22676849365234,7.22320556640625,7.22010803222656,7.21725463867188,7.21457672119141,7.21201324462891,7.20951843261719,7.20713806152344,7.20481872558594,7.20259094238281,"De Soto , Louisiana"
22033,188.973480224609,184.271957397461,178.098419189453,171.562438964844,164.896240234375,158.203521728516,151.524627685547,144.843322753906,138.090850830078,131.149627685547,123.856903076172,116.014518737793,107.424041748047,97.9838714599609,"East Baton Rouge , Louisiana"
22045,33.3341026306152,31.9343948364258,30.3960762023926,28.9945945739746,27.7404747009277,26.6159057617188,25.6030120849609,24.6865081787109,23.8534126281738,23.0927085876465,22.3949432373047,21.7519187927246,21.1564712524414,20.6023139953613,"Iberia , Louisiana"
22053,14.7623252868652,14.2811050415039,13.8247985839844,13.4035949707031,13.0264434814453,12.694091796875,12.4005279541016,12.1378860473633,11.8995971679688,11.6809387207031,11.4786071777344,11.2902374267578,11.1140670776367,10.9486846923828,"Jefferson Davis , Louisiana"
22091,5.43069458007812,5.49950408935547,5.53873443603516,5.57898712158203,5.61836242675781,5.65696716308594,5.69475555419922,5.73175811767578,5.76798248291016,5.80340576171875,5.83805847167969,5.87194061279297,5.90507507324219,5.93744659423828,"St. Helena , Louisiana"
22119,19.9247245788574,19.4625587463379,19.0093727111816,18.5743026733398,18.1549606323242,17.7474479675293,17.3475189208984,16.9507675170898,16.5525665283203,16.1481819152832,15.7331771850586,15.3044166564941,14.8618049621582,14.4107894897461,"Webster , Louisiana"
23001,27.7450065612793,26.6856079101562,25.6726036071777,24.7502746582031,23.9115715026855,23.145938873291,22.4438819885254,21.7971153259277,21.1984252929688,20.6414413452148,20.1205215454102,19.6304969787598,19.1666717529297,18.724609375,"Androscoggin , Maine"
23009,8.84653472900391,8.77442932128906,8.71625518798828,8.66232299804688,8.61093902587891,8.56158447265625,8.51405334472656,8.46829223632812,8.42416381835938,8.38164520263672,8.34064483642578,8.30109405517578,8.26293182373047,8.22611999511719,"Hancock , Maine"
23015,3.60722351074219,3.68595123291016,3.75809478759766,3.82973480224609,3.90049743652344,3.97037506103516,4.03932189941406,4.10735321044922,4.17442321777344,4.24051666259766,4.30561828613281,4.36972045898438,4.43280792236328,4.49485778808594,"Lincoln , Maine"
23029,5.6275634765625,5.66629791259766,5.70410919189453,5.74109649658203,5.77723693847656,5.81256866455078,5.84709930419922,5.88082885742188,5.91380310058594,5.94601440429688,5.97747802734375,6.00818634033203,6.03817749023438,6.06747436523438,"Washington , Maine"
24003,165.668395996094,161.368469238281,155.158752441406,148.591003417969,141.917861938477,135.108932495117,128.04052734375,120.536209106445,112.391860961914,103.434280395508,93.6577529907227,83.431770324707,73.5698471069336,64.9445343017578,"Anne Arundel , Maryland"
24025,86.658203125,79.2717895507812,71.1921844482422,63.6099090576172,57.1139831542969,51.7546310424805,47.3374404907227,43.6489791870117,40.5258140563965,37.8509254455566,35.5387382507324,33.5244293212891,31.757495880127,30.1979179382324,"Harford , Maryland"
25013,213.926361083984,212.106414794922,209.960174560547,207.249053955078,203.887115478516,199.825012207031,195.060729980469,189.64990234375,183.703033447266,177.367095947266,170.796051025391,164.121017456055,157.428649902344,150.751312255859,"Hampden , Massachusetts"
25015,30.9052314758301,29.5369606018066,28.2349624633789,27.0608520507812,26.0044479370117,25.0502586364746,24.184513092041,23.3954620361328,22.6730308532715,22.0085525512695,21.3944702148438,20.824161529541,20.2917213439941,19.7918663024902,"Hampshire , Massachusetts"
25017,219.633544921875,218.749816894531,218.712249755859,218.710632324219,218.710571289062,218.710571289062,218.710571289062,218.710571289062,218.710571289062,218.710571289062,218.710571289062,218.710571289062,218.710571289062,218.710571289062,"Middlesex , Massachusetts"
25021,137.985656738281,131.213897705078,123.990127563477,116.186302185059,107.625518798828,98.2099456787109,88.1153106689453,77.9692001342773,68.6944885253906,60.9357452392578,54.7243499755859,49.7389068603516,45.6483917236328,42.2210960388184,"Norfolk , Massachusetts"
26029,9.56770324707031,9.38137817382812,9.28952026367188,9.21138000488281,9.13840484619141,9.06874847412109,9.00192260742188,8.93776702880859,8.87610626220703,8.81681060791016,8.75979614257812,8.70491790771484,8.65211486816406,8.60129547119141,"Charlevoix , Michigan"
26041,46.3266983032227,43.3878555297852,40.4133148193359,37.772575378418,35.4735336303711,33.4677810668945,31.707706451416,30.1538352966309,28.774242401123,27.5428237915039,26.4381828308105,25.442497253418,24.5408744812012,23.7206802368164,"Delta , Michigan"
26051,27.2292137145996,26.2969398498535,25.3290100097656,24.4392242431641,23.6281204223633,22.886402130127,22.2051277160645,21.5764465332031,20.9934692382812,20.4500923156738,19.9408569335938,19.4607887268066,19.0052947998047,18.5700225830078,"Gladwin , Michigan"
26063,13.6935501098633,13.2867889404297,12.9239883422852,12.604133605957,12.3205261230469,12.0656661987305,11.8335571289062,11.6199722290039,11.4219512939453,11.2373199462891,11.0644454956055,10.9020233154297,10.7489852905273,10.6044616699219,"Huron , Michigan"
26073,60.1146202087402,54.6822204589844,49.8897743225098,45.8198547363281,42.3757095336914,39.4398384094238,36.9147453308105,34.7249526977539,32.8119697570801,31.1297607421875,29.6415901184082,28.3177490234375,27.1339492797852,26.070182800293,"Isabella , Michigan"
26075,129.407608032227,124.713455200195,118.106262207031,110.251739501953,101.335891723633,91.5427017211914,81.3846969604492,71.7486038208008,63.4494972229004,56.7345275878906,51.3651351928711,46.9939346313477,43.3553276062012,40.2746200561523,"Jackson , Michigan"
26115,113.465232849121,108.438758850098,101.007247924805,92.0528335571289,82.3495635986328,72.8610305786133,64.4892120361328,57.6138000488281,52.0888290405273,47.5938491821289,43.859977722168,40.7046356201172,38.0046539306641,35.6721267700195,"Monroe , Michigan"
26127,19.8572158813477,19.4018974304199,18.9520721435547,18.5193901062012,18.1018371582031,17.6955413818359,17.2962837219238,16.8996124267578,16.5008811950684,16.0953521728516,15.6787147521973,15.2480697631836,14.8039207458496,14.3525848388672,"Oceana , Michigan"
26141,6.76972961425781,6.77447509765625,6.78379821777344,6.793212890625,6.80267333984375,6.81201934814453,6.82115936279297,6.83011627197266,6.83882904052734,6.84732055664062,6.85558319091797,6.86359405517578,6.87138366699219,6.87894439697266,"Presque Isle , Michigan"
26155,42.3541488647461,39.5038452148438,36.9833984375,34.7866859436035,32.8663520812988,31.1777648925781,29.6841659545898,28.355712890625,27.1679992675781,26.1008491516113,25.1374893188477,24.2638282775879,23.467903137207,22.7394905090332,"Shiawassee , Michigan"
27013,88.0037384033203,81.3875274658203,73.5039978027344,65.7499084472656,58.9314346313477,53.2551803588867,48.5811233520508,44.6935653686523,41.4144134521484,38.6147575378418,36.2009773254395,34.1028442382812,32.2660675048828,30.6477699279785,"Blue Earth , Minnesota"
27017,44.9187278747559,42.2134170532227,39.40771484375,36.904239654541,34.7183418273926,32.8065185546875,31.1249885559082,29.6373519897461,28.3139572143555,27.1305770874023,26.0671424865723,25.106990814209,24.2360877990723,23.4425621032715,"Carlton , Minnesota"
27031,1.69253540039062,1.77020263671875,1.85145568847656,1.93270111083984,2.01409149169922,2.09555053710938,2.17703247070312,2.25850677490234,2.33989715576172,2.42117309570312,2.50229644775391,2.58320617675781,2.66384887695312,2.74420166015625,"Cook , Minnesota"
27037,219.625701904297,218.749481201172,218.712249755859,218.710632324219,218.710571289062,218.710571289062,218.710571289062,218.710571289062,218.710571289062,218.710571289062,218.710571289062,218.710571289062,218.710571289062,218.710571289062,"Dakota , Minnesota"
27043,10.9971008300781,10.7066497802734,10.5494995117188,10.4136428833008,10.2864837646484,10.1659164428711,10.05126953125,9.94207763671875,9.83799743652344,9.73866271972656,9.64379119873047,9.55309295654297,9.46632385253906,9.38325500488281,"Faribault , Minnesota"
27065,14.6497001647949,14.188045501709,13.7446746826172,13.334228515625,12.9664459228516,12.6417541503906,12.3541259765625,12.096061706543,11.8613967895508,11.6456756591797,11.4458465576172,11.259651184082,11.0853881835938,10.9217147827148,"Kanabec , Minnesota"
27111,98.9484329223633,93.4694671630859,85.6408843994141,76.8775939941406,68.3834991455078,60.9702377319336,54.8608932495117,49.8833236694336,45.7766952514648,42.331298828125,39.400390625,36.8804397583008,34.6950531005859,32.7857475280762,"Otter Tail , Minnesota"
27123,219.632659912109,218.749786376953,218.712249755859,218.710632324219,218.710571289062,218.710571289062,218.710571289062,218.710571289062,218.710571289062,218.710571289062,218.710571289062,218.710571289062,218.710571289062,218.710571289062,"Ramsey , Minnesota"
27165,9.28414154052734,9.03382873535156,8.94442749023438,8.87708282470703,8.81655883789062,8.75925445556641,8.70433044433594,8.65154266357422,8.60071563720703,8.55178070068359,8.50463104248047,8.45921325683594,8.41542053222656,8.37320709228516,"Watonwan , Minnesota"
27167,8.56138610839844,8.51738739013672,8.47197723388672,8.42787933349609,8.38526916503906,8.34413909912109,8.30448150634766,8.26619720458984,8.22927093505859,8.19363403320312,8.15924072265625,8.12603759765625,8.09397125244141,8.06301879882812,"Wilkin , Minnesota"
27173,9.16641235351562,9.08335113525391,9.01387023925781,8.94878387451172,8.88657379150391,8.82686614990234,8.76944732666016,8.7142333984375,8.66107177734375,8.60990905761719,8.56063079833984,8.51316070556641,8.46742248535156,8.42334747314453,"Yellow Medicine , Minnesota"
28013,4.09667205810547,4.16317749023438,4.22947692871094,4.29475402832031,4.35901641845703,4.42228698730469,4.48451232910156,4.54570770263672,4.60586547851562,4.66497039794922,4.72299957275391,4.78000640869141,4.83592987060547,4.89080810546875,"Calhoun , Mississippi"
28015,9.59752655029297,9.53301239013672,9.45016479492188,9.36837005615234,9.28952789306641,9.21385192871094,9.14124298095703,9.07156372070312,9.00466156005859,8.94039154052734,8.87862396240234,8.81924438476562,8.76213836669922,8.70719146728516,"Carroll , Mississippi"
28059,40.692024230957,38.0451431274414,35.7151298522949,33.6797103881836,31.8942718505859,30.3189964294434,28.9212188720703,27.6743316650391,26.5564041137695,25.5492897033691,24.637767791748,23.8090133666992,23.0520820617676,22.3575859069824,"Jackson , Mississippi"
28063,1.56169891357422,1.63858032226562,1.71947479248047,1.80040740966797,1.88157653808594,1.96287536621094,2.04429626464844,2.12578582763672,2.20726013183594,2.28870391845703,2.37007904052734,2.45130157470703,2.53233337402344,2.6131591796875,"Jefferson , Mississippi"
28079,7.05159759521484,7.04953765869141,7.05059814453125,7.05228424072266,7.05426788330078,7.05637359619141,7.05848693847656,7.06057739257812,7.06263732910156,7.06464385986328,7.06658935546875,7.06849670410156,7.07032775878906,7.07212829589844,"Leake , Mississippi"
28097,7.92491912841797,7.88789367675781,7.8599853515625,7.83551025390625,7.81275177001953,7.79106903076172,7.77021026611328,7.75006866455078,7.73062896728516,7.71181488037109,7.69362640380859,7.67603302001953,7.65900421142578,7.64252471923828,"Montgomery , Mississippi"
28111,5.49030303955078,5.54636383056641,5.58571624755859,5.62519836425781,5.66378021240234,5.70154571533203,5.73847961425781,5.77461242675781,5.80994415283203,5.84449005126953,5.87825012207031,5.91126251220703,5.94349670410156,5.97500610351562,"Perry , Mississippi"
28121,43.3572120666504,40.6043548583984,37.9735527038574,35.6535873413086,33.6259994506836,31.8470268249512,30.2771797180176,28.8840141296387,27.641040802002,26.5264892578125,25.5222663879395,24.6132583618164,23.7866668701172,23.0316123962402,"Rankin , Mississippi"
28125,0.878448486328125,0.947280883789062,1.02424621582031,1.10145568847656,1.17926025390625,1.25761413574219,1.33649444580078,1.41581726074219,1.49559020996094,1.57572174072266,1.65620422363281,1.73696136474609,1.81794738769531,1.89914703369141,"Sharkey , Mississippi"
28127,8.8282470703125,8.70874786376953,8.64408111572266,8.59053039550781,8.54117584228516,8.49420928955078,8.44910430908203,8.40566253662109,8.36380004882812,8.32342529296875,8.28448486328125,8.24691009521484,8.21066284179688,8.17567443847656,"Simpson , Mississippi"
29007,13.6535110473633,13.2354278564453,12.8724670410156,12.5564956665039,12.2773208618164,12.0263519287109,11.7974853515625,11.5866165161133,11.3909072875977,11.2083053588867,11.037223815918,10.8763961791992,10.7248153686523,10.5816040039062,"Audrain , Missouri"
29011,9.32110595703125,9.22161102294922,9.14514923095703,9.07456970214844,9.00739288330078,8.94297790527344,8.88111114501953,8.82162475585938,8.76441955566406,8.70938110351562,8.65641021728516,8.60540771484375,8.55630493164062,8.50900268554688,"Barton , Missouri"
29027,50.462459564209,47.1609992980957,43.6935272216797,40.6006469726562,37.9215965270996,35.6010322570801,33.5790176391602,31.8055572509766,30.2404747009277,28.8513336181641,27.61181640625,26.5002136230469,25.4985427856445,24.591724395752,"Callaway , Missouri"
29029,29.874137878418,28.4586219787598,27.2530364990234,26.1766738891602,25.2060203552246,24.3261032104492,23.5247459411621,22.7916297912598,22.1178588867188,21.4956970214844,20.9183654785156,20.3798789978027,19.8748397827148,19.3983306884766,"Camden , Missouri"
29049,15.7174224853516,15.3442230224609,14.9264144897461,14.4865570068359,14.0427017211914,13.6144256591797,13.2191314697266,12.8657073974609,12.5531768798828,12.2751541137695,12.0245819091797,11.7958908081055,11.5851516723633,11.3895416259766,"Clinton , Missouri"
29057,21.6142845153809,21.0194396972656,20.4733505249023,19.962589263916,19.4813270568848,19.024845123291,18.5887832641602,18.1689109802246,17.7610473632812,17.3609313964844,16.9641532897949,16.5660743713379,16.1619567871094,15.7473793029785,"Dade , Missouri"
29079,11.3006591796875,11.0323638916016,10.8604125976562,10.7081909179688,10.5656814575195,10.4309387207031,10.3031463623047,10.1818084716797,10.0663986206055,9.95650482177734,9.85173797607422,9.75177764892578,9.65631866455078,9.56507110595703,"Grundy , Missouri"
29091,11.9002075195312,11.6888656616211,11.487060546875,11.2983016967773,11.1216354370117,10.955810546875,10.7997131347656,10.6524047851562,10.5130996704102,10.381103515625,10.255859375,10.1368408203125,10.0235900878906,9.91571044921875,"Howell , Missouri"
29099,206.157745361328,202.543960571289,198.232330322266,193.231842041016,187.618011474609,181.516906738281,175.08154296875,168.461044311523,161.772766113281,155.084869384766,148.41015625,141.707244873047,134.884185791016,127.801742553711,"Jefferson , Missouri"
29103,3.36700439453125,3.46608734130859,3.53951263427734,3.61363983154297,3.68689727783203,3.75934600830078,3.83096313476562,3.90171051025391,3.97156524658203,4.04049682617188,4.10849761962891,4.17555999755859,4.24163055419922,4.30671691894531,"Knox , Missouri"
29115,5.71308898925781,5.74419403076172,5.78077697753906,5.81612396240234,5.85067749023438,5.88440704345703,5.91733551025391,5.94950866699219,5.98090362548828,6.01157379150391,6.04150390625,6.07073211669922,6.09925079345703,6.12709808349609,"Linn , Missouri"
29143,23.277214050293,22.5654106140137,21.9093818664551,21.3025741577148,20.7385520935059,20.2115478515625,19.7163429260254,19.2481498718262,18.8025016784668,18.375129699707,17.9618377685547,17.5584373474121,17.1605834960938,16.763729095459,"New Madrid , Missouri"
29157,31.6975288391113,30.3080787658691,28.9301834106445,27.6843910217285,26.5656700134277,25.5576782226562,24.6453857421875,23.8159561157227,23.0584259033203,22.3634223937988,21.7227973937988,21.1294364929199,20.5770797729492,20.0601272583008,"Perry , Missouri"
29159,42.4068870544434,40.0454025268555,37.5317687988281,35.2757911682129,33.2963752746582,31.5569763183594,30.0203552246094,28.6553611755371,27.4364128112793,26.342472076416,25.356014251709,24.4623565673828,23.6490898132324,22.9056053161621,"Pettis , Missouri"
29209,19.4144287109375,19.001708984375,18.5728874206543,18.1546363830566,17.7473258972168,17.3474464416504,16.9507064819336,16.5525054931641,16.1481094360352,15.7331123352051,15.3043441772461,14.8617248535156,14.4107131958008,13.9638519287109,"Stone , Missouri"
29219,27.6520881652832,26.5235557556152,25.5183067321777,24.6095275878906,23.7832527160645,23.028491973877,22.3358917236328,21.6973495483398,21.1058044433594,20.5550270080566,20.0394248962402,19.5539360046387,19.0939254760742,18.6549758911133,"Warren , Missouri"
30007,4.25440216064453,4.31092071533203,4.37544250488281,4.43840026855469,4.50035858154297,4.56129455566406,4.62117004394531,4.68000030517578,4.73777008056641,4.79448699951172,4.85013580322266,4.90475463867188,4.95832061767578,5.01082611083984,"Broadwater , Montana"
30011,1.86207580566406,1.93941497802734,2.02103424072266,2.10248565673828,2.1839599609375,2.26542663574219,2.34681701660156,2.42808532714844,2.50919342041016,2.59008026123047,2.67069244384766,2.75101470947266,2.83098602294922,2.91053771972656,"Carter , Montana"
30017,19.3165130615234,18.9208755493164,18.497428894043,18.0819664001465,17.6764068603516,17.2774353027344,16.8807945251465,16.4818458557129,16.0758857727051,15.658634185791,15.2273139953613,14.7826347351074,14.331241607666,13.8868560791016,"Custer , Montana"
30019,1.93101501464844,2.00732421875,2.08905792236328,2.17052459716797,2.25199127197266,2.33340454101562,2.41469573974609,2.49582672119141,2.57675170898438,2.65742492675781,2.73778533935547,2.81781768798828,2.89745330810547,2.97665405273438,"Daniels , Montana"
30043,11.0264053344727,10.7597503662109,10.602653503418,10.4643936157227,10.3347091674805,10.2117538452148,10.0948867797852,9.983642578125,9.87762451171875,9.7764892578125,9.679931640625,9.58765411376953,9.4993896484375,9.41492462158203,"Jefferson , Montana"
30063,70.2122039794922,60.3083724975586,53.4893951416016,48.5139465332031,44.5758895874023,41.30224609375,38.5163116455078,36.1153793334961,34.0281028747559,32.2003898620605,30.5897102355957,29.1619834899902,27.8895645141602,26.7497711181641,"Missoula , Montana"
30101,6.56600952148438,6.54855346679688,6.56241607666016,6.57622528076172,6.59071350097656,6.60536956787109,6.61993408203125,6.63426971435547,6.6483154296875,6.66203308105469,6.67539978027344,6.68844604492188,6.70112609863281,6.71346282958984,"Toole , Montana"
31011,5.29048919677734,5.33454132080078,5.37950134277344,5.42340850830078,5.46641540527344,5.50849151611328,5.5496826171875,5.58998107910156,5.62940979003906,5.66798400878906,5.70571136474609,5.74261474609375,5.77867889404297,5.81394958496094,"Boone , Nebraska"
31047,25.7011337280273,24.7167320251465,23.8752174377441,23.1121215820312,22.4127349853516,21.7683486938477,21.1717300415039,20.6165428161621,20.0971565246582,19.608455657959,19.1457290649414,18.7045707702637,18.2807388305664,17.870059967041,"Dawson , Nebraska"
31079,70.3067245483398,65.4254150390625,59.5811614990234,54.0968551635742,49.3635559082031,45.3693733215332,41.9919586181641,39.1107978820801,36.630313873291,34.4772186279297,32.5947036743164,30.9380340576172,29.4714241027832,28.1659049987793,"Hall , Nebraska"
31099,11.9145889282227,11.4593048095703,11.2348403930664,11.0567245483398,10.8940048217773,10.7413330078125,10.5972061157227,10.460823059082,10.3315277099609,10.2087631225586,10.0920486450195,9.98092651367188,9.87503051757812,9.77400970458984,"Kearney , Nebraska"
31117,0.735153198242188,0.805519104003906,0.881050109863281,0.95703125,1.03369903564453,1.11099243164062,1.18888092041016,1.26730346679688,1.34622192382812,1.42562103271484,1.50542449951172,1.58561706542969,1.66612243652344,1.74691009521484,"McPherson , Nebraska"
31141,62.6873474121094,57.7085189819336,52.6688613891602,48.2099227905273,44.4084777832031,41.1773910522461,38.4121246337891,36.0255813598633,33.9497833251953,32.1315841674805,30.528881072998,29.1079025268555,27.8412284851074,26.7063598632812,"Platte , Nebraska"
32029,0.758270263671875,0.831016540527344,0.90667724609375,0.982894897460938,1.05977630615234,1.13726806640625,1.21532440185547,1.29393005371094,1.37303161621094,1.45256042480469,1.53250122070312,1.61280822753906,1.69342803955078,1.7742919921875,"Storey , Nevada"
33009,11.8118667602539,11.5432281494141,11.3414764404297,11.1606826782227,10.9923095703125,10.8340759277344,10.6848526000977,10.5438003540039,10.4102249145508,10.2835159301758,10.1631317138672,10.0486221313477,9.93956756591797,9.83558654785156,"Grafton , New Hampshire"
34023,219.324737548828,218.659973144531,218.603210449219,218.562103271484,218.507415771484,218.432830810547,218.330993652344,218.192108154297,218.0029296875,217.745635986328,217.396606445312,216.924560546875,216.288940429688,215.437896728516,"Middlesex , New Jersey"
35006,36.6105346679688,34.8728981018066,32.9971504211426,31.300106048584,29.7935180664062,28.4533157348633,27.2554664611816,26.179615020752,25.2087516784668,24.3285827636719,23.5270195007324,22.7937088012695,22.1197738647461,21.4974594116211,"Cibola , New Mexico"
35019,2.71871948242188,2.80010986328125,2.87976837158203,2.95906829833984,3.03789520263672,3.11621856689453,3.19399261474609,3.27117156982422,3.34772491455078,3.42361450195312,3.49880218505859,3.57326507568359,3.64696502685547,3.71986389160156,"Guadalupe , New Mexico"
35037,3.22804260253906,3.30263519287109,3.37905883789062,3.45465850830078,3.52955627441406,3.60369873046875,3.67707061767578,3.7496337890625,3.82135772705078,3.89222717285156,3.96219635009766,4.03125762939453,4.09940338134766,4.16656494140625,"Quay , New Mexico"
35039,22.751091003418,22.1752014160156,21.5582847595215,20.9775695800781,20.4353485107422,19.927001953125,19.4476928710938,18.9928207397461,18.5580558776855,18.1391868591309,17.7320327758789,17.3323135375977,16.9355926513672,16.5372352600098,"Rio Arriba , New Mexico"
35051,5.00189208984375,5.06094360351562,5.11095428466797,5.16043853759766,5.20891571044922,5.25639343261719,5.30292510986328,5.34848022460938,5.39311218261719,5.43679809570312,5.47955322265625,5.52140045166016,5.56236267089844,5.60242462158203,"Sierra , New Mexico"
36001,61.1195526123047,55.7819900512695,50.8797378540039,46.6670684814453,43.096435546875,40.0568237304688,37.4472999572754,35.1882209777832,33.2177886962891,31.4875030517578,29.9587898254395,28.600513458252,27.3872985839844,26.298282623291,"Albany , New York"
36029,219.608581542969,218.748779296875,218.712219238281,218.710632324219,218.710571289062,218.710571289062,218.710571289062,218.710571289062,218.710571289062,218.710540771484,218.710540771484,218.710510253906,218.710479736328,218.710479736328,"Erie , New York"
36035,2.84800720214844,2.94411468505859,3.0220947265625,3.10057067871094,3.17844390869141,3.25575256347656,3.33243560791016,3.40846252441406,3.48379516601562,3.55840301513672,3.63224792480469,3.70530700683594,3.77755737304688,3.84894561767578,"Fulton , New York"
36065,67.4228286743164,62.1732292175293,56.5606460571289,51.4971771240234,47.1753692626953,43.5239715576172,40.421443939209,37.7614364624023,35.4610977172852,33.4565391540527,31.6977500915527,30.1450157165527,28.7663803100586,27.5357971191406,"Oneida , New York"
36073,10.0000381469727,9.86520385742188,9.76132202148438,9.66490173339844,9.57319641113281,9.48553466796875,9.40166473388672,9.32132720947266,9.24431610107422,9.17047119140625,9.09961700439453,9.03160858154297,8.96627044677734,8.90351104736328,"Orleans , New York"
36077,3.03040313720703,3.09227752685547,3.17117309570312,3.24847412109375,3.32521820068359,3.40131378173828,3.47670745849609,3.55138397216797,3.62530517578125,3.69844055175781,3.77076721191406,3.84223175048828,3.91283416748047,3.98255157470703,"Otsego , New York"
36097,6.06452941894531,6.09098815917969,6.11936187744141,6.14682769775391,6.17360687255859,6.19969940185547,6.22513580322266,6.24992370605469,6.27407836914062,6.29764556884766,6.32061767578125,6.34300994873047,6.36482238769531,6.38608551025391,"Schuyler , New York"
37005,2.34677124023438,2.41343688964844,2.49539184570312,2.57626342773438,2.65694427490234,2.73731994628906,2.81733703613281,2.89697265625,2.97616577148438,3.05489349365234,3.13310241699219,3.21074676513672,3.28779602050781,3.36421203613281,"Alleghany , North Carolina"
37021,45.4872055053711,42.5792922973633,39.7017593383789,37.1552314758301,34.9363594055176,32.9975166320801,31.2934303283691,29.7867622375488,28.4472007751465,27.2499771118164,26.174674987793,25.2042770385742,24.324520111084,23.523307800293,"Buncombe , North Carolina"
37049,21.8071403503418,21.2453117370605,20.689208984375,20.1657562255859,19.6732215881348,19.2072486877441,18.7634201049805,18.3374786376953,17.9252586364746,17.5225219726562,17.124942779541,16.7279586791992,16.3268585205078,15.9170112609863,"Craven , North Carolina"
37085,26.0321922302246,25.1419830322266,24.2744331359863,23.478214263916,22.7490158081055,22.0785903930664,21.4593391418457,20.8845443725586,20.3482322692871,19.8450660705566,19.3701438903809,18.9189300537109,18.4871101379395,18.0704956054688,"Harnett , North Carolina"
37093,12.9287185668945,12.5392761230469,12.2421188354492,11.9895248413086,11.7626571655273,11.5541839599609,11.3606719970703,11.1800155639648,11.0106582641602,10.8513870239258,10.7012023925781,10.5592651367188,10.4248733520508,10.2974090576172,"Hoke , North Carolina"
37119,219.468414306641,218.742919921875,218.711975097656,218.710632324219,218.710571289062,218.710571289062,218.710571289062,218.710571289062,218.710540771484,218.710540771484,218.710510253906,218.710479736328,218.71044921875,218.71044921875,"Mecklenburg , North Carolina"
37135,26.0117645263672,25.0819396972656,24.2157707214355,23.4242515563965,22.6994857788086,22.0329399108887,21.4170532226562,20.8451881408691,20.311408996582,19.8103981018066,19.3373107910156,18.8876190185547,18.4570198059082,18.0413284301758,"Orange , North Carolina"
37151,41.6681861877441,38.5496940612793,36.0999374389648,34.0082817077637,32.1821479797363,30.5734825134277,29.1475410461426,27.876651763916,26.7381744384766,25.7133712768555,24.786563873291,23.9445571899414,23.1761093139648,22.4716033935547,"Randolph , North Carolina"
37159,49.6485443115234,46.3774871826172,43.0056037902832,40.0078048706055,37.4097671508789,35.1562995910645,33.18994140625,31.4629859924316,29.9370574951172,28.5811538696289,27.3699684143066,26.2826728820801,25.3019638061523,24.4132652282715,"Rowan , North Carolina"
37173,2.96234893798828,3.03584289550781,3.11449432373047,3.19223785400391,3.26944732666016,3.34600830078125,3.42192077636719,3.49713134765625,3.57159423828125,3.64530944824219,3.71823120117188,3.79032135009766,3.86155700683594,3.93193817138672,"Swain , North Carolina"
37177,0.7576904296875,0.822349548339844,0.898345947265625,0.974472045898438,1.05128479003906,1.12872314453125,1.20671844482422,1.28527069091797,1.36431884765625,1.44379425048828,1.52370452880859,1.60396575927734,1.68453216552734,1.76539611816406,"Tyrrell , North Carolina"
37197,10.1280059814453,10.0455322265625,9.93988800048828,9.83641052246094,9.73722839355469,9.64241790771484,9.55178833007812,9.46506500244141,9.38206481933594,9.30254364013672,9.22630310058594,9.15319061279297,9.08304595947266,9.01567840576172,"Yadkin , North Carolina"
38015,166.255004882812,160.867721557617,154.438873291016,147.822387695312,141.128799438477,134.294403076172,127.18376159668,119.614486694336,111.381614685059,102.322509765625,92.4645385742188,82.2324676513672,72.4764938354492,64.0338287353516,"Burleigh , North Dakota"
38075,3.49201202392578,3.56929779052734,3.64286804199219,3.71582794189453,3.78794860839844,3.85920715332031,3.92960357666016,3.99909973144531,4.06768035888672,4.13530731201172,4.20196533203125,4.26766204833984,4.33235168457031,4.39603424072266,"Renville , North Dakota"
38099,33.4874649047852,31.974006652832,30.4197235107422,29.0143127441406,27.7579536437988,26.6315994262695,25.6171913146973,24.6993637084961,23.865119934082,23.1034317016602,22.4048042297363,21.7610092163086,21.164924621582,20.6101989746094,"Walsh , North Dakota"
39007,62.3543128967285,58.0896148681641,53.1839790344238,48.6926574707031,44.8268699645996,41.5356140136719,38.7201614379883,36.2924652099609,34.1826934814453,32.3361930847168,30.7097282409668,29.2686500549316,27.9848556518555,26.8353271484375,"Ashtabula , Ohio"
39021,22.981746673584,22.323673248291,21.6891326904297,21.0984954833984,20.5482368469238,20.0330505371094,19.5479202270508,19.088207244873,18.6495018005371,18.2275848388672,17.8182792663574,17.4173393249512,17.0203666687012,16.6227607727051,"Champaign , Ohio"
39031,17.5103416442871,17.1229362487793,16.7286376953125,16.3283729553223,15.9188461303711,15.496524810791,15.0598220825195,14.6114311218262,14.160758972168,13.7236404418945,13.3172302246094,12.9522476196289,12.6295394897461,12.3433303833008,"Coshocton , Ohio"
39035,219.636688232422,218.749938964844,218.712280273438,218.710632324219,218.710571289062,218.710571289062,218.710571289062,218.710571289062,218.710571289062,218.710571289062,218.710571289062,218.710571289062,218.710571289062,218.710571289062,"Cuyahoga , Ohio"
39103,98.3562774658203,89.6532516479492,80.1949691772461,71.0330657958984,63.0250968933105,56.4628067016602,51.1682395935059,46.8374557495117,43.2250366210938,40.163761138916,37.539005279541,35.2678413391113,33.2874565124512,31.5488700866699,"Medina , Ohio"
39117,14.3726272583008,13.9669418334961,13.5596466064453,13.1766815185547,12.8308639526367,12.5232620239258,12.2486038208008,12.0005569458008,11.7738647460938,11.5647583007812,11.3705596923828,11.1892700195312,11.0193481445312,10.8595733642578,"Morrow , Ohio"
39139,59.3345069885254,53.9651870727539,49.2746391296387,45.2996940612793,41.9338645935059,39.0611915588379,36.5874481201172,34.4398651123047,32.5619354248047,30.909107208252,29.445743560791,28.1429901123047,26.9772300720215,25.9289665222168,"Richland , Ohio"
39145,39.5606651306152,37.3809089660645,35.1840972900391,33.2215461730957,31.4917602539062,29.9626770019531,28.6039886474609,27.3904228210449,26.3010902404785,25.3186111450195,24.4283866882324,23.6180953979492,22.8772010803223,22.1966552734375,"Scioto , Ohio"
40003,6.56242370605469,5.99253845214844,5.89290618896484,5.88230895996094,5.89794158935547,5.92227935791016,5.94986724853516,5.9786376953125,6.00772094726562,6.03667449951172,6.06531524658203,6.09349822998047,6.12117004394531,6.14828491210938,"Alfalfa , Oklahoma"
40009,11.5772857666016,11.078254699707,10.8754730224609,10.7187271118164,10.5751647949219,10.4398574829102,10.3116226196289,10.1898498535156,10.0740356445312,9.96377563476562,9.85868072509766,9.7584228515625,9.66265106201172,9.57114410400391,"Beckham , Oklahoma"
40021,32.0224342346191,30.5170135498047,29.1071357727051,27.8416213989258,26.7068367004395,25.6851005554199,24.7609367370605,23.9212188720703,23.1547546386719,22.451976776123,21.8045959472656,21.2053680419922,20.6479301452637,20.126594543457,"Cherokee , Oklahoma"
40057,1.66863250732422,1.72801971435547,1.81016540527344,1.89128112792969,1.97261810302734,2.05404663085938,2.13550567626953,2.21699523925781,2.29843139648438,2.37977600097656,2.46099090576172,2.54201507568359,2.62279510498047,2.70329284667969,"Harmon , Oklahoma"
40091,10.5727005004883,10.4221267700195,10.29296875,10.171875,10.0569000244141,9.94744110107422,9.84310913085938,9.74354553222656,9.64845275878906,9.55754852294922,9.47058868408203,9.38734436035156,9.30760955810547,9.23117065429688,"McIntosh , Oklahoma"
40101,96.4231719970703,96.7539367675781,91.9141845703125,84.4501113891602,75.9490051269531,67.6707153320312,60.4270401000977,54.4381332397461,49.5428619384766,45.4945220947266,42.0928802490234,39.1963500976562,36.7041282653809,34.5415077209473,"Muskogee , Oklahoma"
40111,17.6964416503906,17.2981643676758,16.9017333984375,16.5030822753906,16.0976409912109,15.681079864502,15.2505226135254,14.8064384460449,14.3551139831543,13.9099273681641,13.4883651733398,13.1047973632812,12.7642440795898,12.4631500244141,"Okmulgee , Oklahoma"
40115,15.607048034668,15.1857147216797,14.7450714111328,14.2959671020508,13.8539352416992,13.4371109008789,13.0591659545898,12.7240371704102,12.4274749755859,12.1622619628906,11.9218826293945,11.7014694213867,11.4976577758789,11.3080215454102,"Ottawa , Oklahoma"
40135,14.5177459716797,14.1074485778809,13.6911010742188,13.2955703735352,12.9362640380859,12.6165771484375,12.3321304321289,12.0762939453125,11.8433227539062,11.6289825439453,11.4303359985352,11.2451629638672,11.0717926025391,10.9089431762695,"Sequoyah , Oklahoma"
40139,15.788013458252,15.3852043151855,14.9550018310547,14.5094146728516,14.0622940063477,13.6315460205078,13.2340393066406,12.8786773681641,12.564567565918,12.2853164672852,12.0337982177734,11.8043518066406,11.5929794311523,11.3968353271484,"Texas , Oklahoma"
40141,5.42256927490234,5.45351409912109,5.49652099609375,5.53784942626953,5.57836151123047,5.61798095703125,5.65676116943359,5.6947021484375,5.73181915283203,5.76811218261719,5.80361175537109,5.83830261230469,5.87220764160156,5.90535736083984,"Tillman , Oklahoma"
41017,27.3892097473145,26.3601875305176,25.3780899047852,24.4829978942871,23.6679649353027,22.9229125976562,22.2387390136719,21.6075325012207,21.0223655700684,20.4770851135254,19.9662170410156,19.4847717285156,19.0281257629395,18.5919189453125,"Deschutes , Oregon"
41025,2.54521942138672,2.63311767578125,2.71318054199219,2.7933349609375,2.87309265136719,2.95242309570312,3.03130340576172,3.10966491699219,3.18748474121094,3.26471710205078,3.34132385253906,3.41726684570312,3.49253082275391,3.56703948974609,"Harney , Oregon"
41047,116.753982543945,115.617813110352,110.592567443848,103.234466552734,94.3540496826172,84.6205215454102,74.9236831665039,66.2118072509766,58.9910774230957,53.1924629211426,48.497974395752,44.616569519043,41.3475761413574,38.5571136474609,"Marion , Oregon"
41049,2.77981567382812,2.85004425048828,2.93004608154297,3.00902557373047,3.08753967285156,3.16551971435547,3.24290466308594,3.3197021484375,3.39585113525391,3.47129058837891,3.54601287841797,3.62001037597656,3.69319915771484,3.76557159423828,"Morrow , Oregon"
41057,2.16961669921875,2.25485992431641,2.3360595703125,2.41735076904297,2.49848175048828,2.57939147949219,2.66006469726562,2.74040985107422,2.82042694091797,2.90003967285156,2.97923278808594,3.05793762207031,3.13611602783203,3.21375274658203,"Tillamook , Oregon"
41059,34.6490745544434,32.9960250854492,31.3236312866211,29.8173027038574,28.4748458862305,27.274787902832,26.1970100402832,25.224494934082,24.342903137207,23.5400810241699,22.8056945800781,22.1308097839355,21.507682800293,20.9295082092285,"Umatilla , Oregon"
42009,39.8516120910645,37.5117416381836,35.2803039550781,33.3033561706543,31.5635147094727,30.0262031555176,28.6605758666992,27.4410934448242,26.3466796875,25.3598175048828,24.4658050537109,23.6522216796875,22.9084777832031,22.2254447937012,"Bedford , Pennsylvania"
42023,0.850059509277344,0.913841247558594,0.99078369140625,1.06768798828125,1.145263671875,1.22338104248047,1.30203247070312,1.38116455078125,1.46074676513672,1.54072570800781,1.62105560302734,1.70169067382812,1.78260040283203,1.86371612548828,"Cameron , Pennsylvania"
42029,139.36865234375,134.976623535156,128.814880371094,121.726043701172,113.847747802734,105.109985351562,95.5035400390625,85.3294830322266,75.3373641967773,66.4388198852539,59.1192054748535,53.275447845459,48.5601119995117,44.6671104431152,"Chester , Pennsylvania"
42039,59.9550399780273,56.2078704833984,51.6298561096191,47.3945846557617,43.7327613830566,40.604061126709,37.9194374084473,35.5983848571777,33.576587677002,31.8033905029297,30.2385444641113,28.8496398925781,27.6102981567383,26.4988479614258,"Crawford , Pennsylvania"
42063,44.8371467590332,41.522102355957,38.7046661376953,36.2784271240234,34.1703605651855,32.3253517150879,30.7001495361328,29.2601318359375,27.9772491455078,26.828498840332,25.794849395752,24.8604049682617,24.0117835998535,23.2375946044922,"Indiana , Pennsylvania"
42087,40.9532432556152,38.8180541992188,36.4701843261719,34.3510780334473,32.4858093261719,30.842113494873,29.3862762451172,28.0899047851562,26.9295997619629,25.8860282897949,24.9430198669434,24.0869674682617,23.3063278198242,22.5912208557129,"Mifflin , Pennsylvania"
42103,7.53252410888672,7.51133728027344,7.49598693847656,7.48323822021484,7.47176361083984,7.46100616455078,7.45075225830078,7.44087219238281,7.43132781982422,7.42208862304688,7.41314697265625,7.40450286865234,7.39611053466797,7.38797760009766,"Pike , Pennsylvania"
42107,64.6233062744141,59.9719924926758,54.762939453125,50.0133285522461,45.937068939209,42.477840423584,39.527759552002,36.9907646179199,34.7911415100098,32.869987487793,31.1809349060059,29.6869812011719,28.3582191467285,27.1702346801758,"Schuylkill , Pennsylvania"
42119,23.8222312927246,23.0885124206543,22.3934593200684,21.750789642334,21.1554489135742,20.6013641357422,20.0829200744629,19.5950164794922,19.1329612731934,18.6923522949219,18.2689552307129,17.8585815429688,17.4569969177246,17.0598258972168,"Union , Pennsylvania"
45001,4.50349426269531,4.55730438232422,4.61766815185547,4.67654418945312,4.73439025878906,4.79117584228516,4.846923828125,4.90161895751953,4.95526885986328,5.00784301757812,5.05941009521484,5.10993957519531,5.15945434570312,5.20796203613281,"Abbeville , South Carolina"
45013,33.3246765136719,31.7556343078613,30.2172470092773,28.8330841064453,27.5957450866699,26.4857902526855,25.485523223877,24.5799255371094,23.7562866210938,23.003791809082,22.3131713867188,21.6763572692871,21.0863151550293,20.5368270874023,"Beaufort , South Carolina"
45029,7.04930877685547,7.05318450927734,7.05867767333984,7.06227874755859,7.06503295898438,7.06733703613281,7.06939697265625,7.0712890625,7.07308959960938,7.07480621337891,7.07647705078125,7.07808685302734,7.07964324951172,7.08115386962891,"Colleton , South Carolina"
45053,3.76094055175781,3.82839965820312,3.89942169189453,3.96928405761719,4.03826141357422,4.10628509521484,4.17337799072266,4.23948669433594,4.30461120605469,4.36873626708984,4.43181610107422,4.49391174316406,4.55493927001953,4.61493682861328,"Jasper , South Carolina"
45075,12.9333648681641,12.5475769042969,12.2507247924805,11.9976043701172,11.7701187133789,11.5611114501953,11.3671340942383,11.1860656738281,11.0163345336914,10.8567352294922,10.7062454223633,10.5640411376953,10.4293975830078,10.3017120361328,"Orangeburg , South Carolina"
46007,3.21485900878906,3.28722381591797,3.36390686035156,3.43964385986328,3.51467895507812,3.58898162841797,3.66249847412109,3.73522186279297,3.80712890625,3.87815856933594,3.94832611083984,4.01755523681641,4.08589172363281,4.15325164794922,"Bennett , South Dakota"
46009,8.70573425292969,8.64937591552734,8.59748077392578,8.54837036132812,8.50127410888672,8.45594024658203,8.41226959228516,8.37016296386719,8.32956695556641,8.29041290283203,8.25263977050781,8.2161865234375,8.18100738525391,8.14704895019531,"Bon Homme , South Dakota"
46027,22.553035736084,21.9159278869629,21.3104629516602,20.7461051940918,20.2186470031738,19.723030090332,19.2544975280762,18.8085746765137,18.3809776306152,17.9675178527832,17.5640029907227,17.1660842895508,16.7692565917969,16.3688049316406,"Clay , South Dakota"
46047,7.98537445068359,7.94060516357422,7.90926361083984,7.88259887695312,7.85810089111328,7.8348388671875,7.81252288818359,7.79099273681641,7.77020263671875,7.75009155273438,7.73065185546875,7.71185302734375,7.69364929199219,7.67604064941406,"Fall River , South Dakota"
46069,3.89424896240234,3.96985626220703,4.03847503662109,4.10652923583984,4.17360687255859,4.23971557617188,4.30484008789062,4.36894989013672,4.43204498291016,4.49411773681641,4.55514526367188,4.61511993408203,4.67404937744141,4.73192596435547,"Hyde , South Dakota"
46103,161.222106933594,154.419677734375,147.718780517578,141.001586914062,134.156555175781,127.036277770996,119.454658508301,111.205871582031,102.129043579102,92.257453918457,82.025520324707,72.2891235351562,63.8784790039062,57.0692443847656,"Pennington , South Dakota"
47003,36.6115913391113,34.4712829589844,32.5908966064453,30.9348449707031,29.4686050415039,28.1633987426758,26.995532989502,25.9454612731934,24.9968376159668,24.135929107666,23.3510704040527,22.6322860717773,21.9709815979004,21.3596649169922,"Bedford , Tennessee"
47021,17.7678642272949,17.3698692321777,16.9736061096191,16.5757637023926,16.1719055175781,15.7576446533203,15.3297271728516,14.8878364562988,14.4370422363281,13.9894790649414,13.5623626708984,13.1712188720703,12.8229293823242,12.5151748657227,"Cheatham , Tennessee"
47025,10.3338775634766,10.1538925170898,10.0333557128906,9.92406463623047,9.82066345214844,9.72209167480469,9.62795257568359,9.53793334960938,9.45182037353516,9.36936187744141,9.29035949707031,9.21463775634766,9.14200592041016,9.07230377197266,"Claiborne , Tennessee"
47031,27.1200294494629,26.1723937988281,25.2137260437012,24.3342361450195,23.5322952270508,22.7985610961914,22.1242408752441,21.5015983581543,20.9238662719727,20.3850135803223,19.8796615600586,19.402889251709,18.9501419067383,18.5170974731445,"Coffee , Tennessee"
47087,12.0328750610352,11.7794189453125,11.5653076171875,11.3703079223633,11.1889114379883,11.0189971923828,10.8592376708984,10.7086181640625,10.5662841796875,10.4315338134766,10.3037338256836,10.1823501586914,10.0669097900391,9.95700073242188,"Jackson , Tennessee"
47097,34.8463668823242,33.0318565368652,31.3380279541016,29.8280029296875,28.4841575622559,27.2831230163574,26.2045135498047,25.231273651123,24.3490524291992,23.5457000732422,22.810848236084,22.1355514526367,21.512077331543,20.9336090087891,"Lauderdale , Tennessee"
47105,25.6001129150391,24.7344551086426,23.902027130127,23.1376724243164,22.4363250732422,21.7901382446289,21.1919555664062,20.6354217529297,20.1148681640625,19.6251640319824,19.1615982055664,18.7197647094727,18.2954025268555,17.8843307495117,"Loudon , Tennessee"
47169,4.98133087158203,5.04381561279297,5.09401702880859,5.14389038085938,5.19271850585938,5.24053192138672,5.28738403320312,5.33326721191406,5.37818908691406,5.42215728759766,5.46521759033203,5.50734710693359,5.548583984375,5.58892059326172,"Trousdale , Tennessee"
47189,93.8190994262695,84.4124374389648,74.9069595336914,66.2852783203125,59.0883178710938,53.2840461730957,48.5768051147461,44.6833457946777,41.4044342041016,38.6059532165527,36.1933059692383,34.0961494445801,32.2601776123047,30.6425476074219,"Wilson , Tennessee"
48015,2.37100219726562,2.44133758544922,2.52302551269531,2.60383605957031,2.68440246582031,2.76466369628906,2.84455108642578,2.92404937744141,3.00308227539062,3.08163452148438,3.15966033935547,3.23711395263672,3.31394195556641,3.39013671875,"Austin , Texas"
48023,0.853195190429688,0.922370910644531,0.99908447265625,1.07608032226562,1.15369415283203,1.23188018798828,1.31059265136719,1.38977813720703,1.46940612792969,1.54942321777344,1.62979888916016,1.71045684814453,1.79138946533203,1.87252807617188,"Baylor , Texas"
48041,85.1778793334961,77.0348281860352,68.8099822998047,61.4482574462891,55.2940902709961,50.251091003418,46.0859870910645,42.5933609008789,39.6246719360352,37.0741157531738,34.8636322021484,32.9335021972656,31.2369499206543,29.7366676330566,"Brazos , Texas"
48057,2.00370788574219,2.07627105712891,2.15824890136719,2.23968505859375,2.32112121582031,2.40242767333984,2.48358917236328,2.56455230712891,2.64525604248047,2.72567749023438,2.80575561523438,2.88545227050781,2.96471405029297,3.04352569580078,"Calhoun , Texas"
48073,2.72142028808594,2.76240539550781,2.84454345703125,2.92389678955078,3.00295257568359,3.08150482177734,3.15953063964844,3.23696899414062,3.31380462646484,3.38999938964844,3.46549987792969,3.54029083251953,3.61431884765625,3.68757629394531,"Cherokee , Texas"
48083,5.88770294189453,5.90707397460938,5.94041442871094,5.97206115722656,6.00299835205078,6.03318023681641,6.0626220703125,6.09136199951172,6.11940002441406,6.14676666259766,6.17345428466797,6.19950103759766,6.22490692138672,6.24968719482422,"Coleman , Texas"
48113,219.63671875,218.749938964844,218.712280273438,218.710632324219,218.710571289062,218.710571289062,218.710571289062,218.710571289062,218.710571289062,218.710571289062,218.710571289062,218.710571289062,218.710571289062,218.710571289062,"Dallas , Texas"
48115,12.4580230712891,12.0610122680664,11.8003845214844,11.5838394165039,11.3874130249023,11.2048950195312,11.0339889526367,10.8733520507812,10.7219314575195,10.5788803100586,10.4434661865234,10.3150634765625,10.1931228637695,10.0771636962891,"Dawson , Texas"
48137,1.03211212158203,1.09430694580078,1.17288970947266,1.25115203857422,1.32999420166016,1.40929412841797,1.489013671875,1.56912231445312,1.64957427978516,1.73030090332031,1.81128692626953,1.89247131347656,1.97380065917969,2.05522918701172,"Edwards , Texas"
48191,1.54182434082031,1.61888885498047,1.69969940185547,1.78057861328125,1.8616943359375,1.94296264648438,2.02436065673828,2.10581970214844,2.18730926513672,2.26877593994141,2.35016632080078,2.43141937255859,2.51251983642578,2.59339141845703,"Hall , Texas"
48215,154.522888183594,163.898956298828,161.457992553711,155.657073974609,149.180191040039,142.535522460938,135.749176025391,128.713623046875,121.259078979492,113.183181762695,104.305778503418,94.5973052978516,84.3845367431641,74.4479141235352,"Hidalgo , Texas"
48221,10.2850036621094,10.0229339599609,9.90050506591797,9.79605865478516,9.69826507568359,9.60511779785156,9.51610565185547,9.43092346191406,9.34934997558594,9.27118682861328,9.19624328613281,9.12435913085938,9.05535888671875,8.98908233642578,"Hood , Texas"
48253,99.1833190917969,92.1188812255859,83.4635162353516,74.4255218505859,66.0707244873047,58.9985694885254,53.2416839599609,48.5506896972656,44.6635437011719,41.3880310058594,38.5919456481934,36.1812057495117,34.0855827331543,32.2508888244629,"Jones , Texas"
48271,0.920394897460938,0.986190795898438,1.06367492675781,1.14116668701172,1.21926116943359,1.29788208007812,1.37700653076172,1.45656585693359,1.53651428222656,1.61684417724609,1.69745635986328,1.77835845947266,1.85945892333984,1.94074249267578,"Kinney , Texas"
48279,19.1611061096191,18.7340431213379,18.3116073608398,17.9005508422852,17.4983558654785,17.1009712219238,16.7038803100586,16.3023910522461,15.8918876647949,15.4685592651367,15.0309028625488,14.5819892883301,14.1316566467285,13.6960525512695,"Lamb , Texas"
48287,1.65604400634766,1.72374725341797,1.805419921875,1.88655090332031,1.96787261962891,2.04929351806641,2.13076019287109,2.21225738525391,2.29368591308594,2.37504577636719,2.45626831054688,2.53729248046875,2.61810302734375,2.69862365722656,"Lee , Texas"
48317,4.35018920898438,4.43566131591797,4.49635314941406,4.55741119384766,4.61737060546875,4.67624664306641,4.73406982421875,4.79084777832031,4.84654998779297,4.90117645263672,4.95475769042969,5.00727844238281,5.05876159667969,5.10922241210938,"Martin , Texas"
48323,23.1244964599609,22.4599609375,21.8155174255371,21.2158660888672,20.6577529907227,20.1358261108398,19.6449394226074,19.1803741455078,18.737720489502,18.3127098083496,17.9011611938477,17.4988594055176,17.1014442443848,16.7043571472168,"Maverick , Texas"
48333,2.80166625976562,2.86587524414062,2.94612884521484,3.02499389648438,3.10340118408203,3.18126678466797,3.25852966308594,3.335205078125,3.41120910644531,3.48651123046875,3.56108856201172,3.63491058349609,3.70793914794922,3.78015899658203,"Mills , Texas"
48339,145.276489257812,145.700012207031,141.309997558594,135.235809326172,128.4384765625,121.066970825195,113.017547607422,104.144317626953,94.43359375,84.2236328125,74.3020324707031,65.5602645874023,58.4134521484375,52.710319519043,"Montgomery , Texas"
48379,9.04752349853516,8.91802978515625,8.84605407714844,8.78532409667969,8.7288818359375,8.67503356933594,8.62330627441406,8.57352447509766,8.52558898925781,8.47939300537109,8.43489074707031,8.39196014404297,8.3505859375,8.31068420410156,"Rains , Texas"
48393,0.997505187988281,1.06782531738281,1.145751953125,1.22386169433594,1.30251312255859,1.38166046142578,1.46124267578125,1.54122924804688,1.62155151367188,1.70220184326172,1.78309631347656,1.86421966552734,1.94550323486328,2.02689361572266,"Roberts , Texas"
48439,219.63671875,218.749938964844,218.712280273438,218.710632324219,218.710571289062,218.710571289062,218.710571289062,218.710571289062,218.710571289062,218.710571289062,218.710571289062,218.710571289062,218.710571289062,218.710571289062,"Tarrant , Texas"
48463,13.7931823730469,13.2866439819336,12.8862838745117,12.5575332641602,12.2749404907227,12.0233764648438,11.7945709228516,11.5838851928711,11.3883590698242,11.2059173583984,11.0349884033203,10.8742904663086,10.7228164672852,10.579719543457,"Uvalde , Texas"
48469,26.0639305114746,25.2355003356934,24.3657913208008,23.5622177124023,22.8261108398438,22.1496315002441,21.5251007080078,20.945728302002,20.4054565429688,19.8988952636719,19.4210968017578,18.9674949645996,18.5337600708008,18.1156730651855,"Victoria , Texas"
48479,176.251708984375,170.216125488281,163.620529174805,156.943664550781,150.270309448242,143.58317565918,136.805877685547,129.812423706055,122.43236541748,114.463577270508,105.715782165527,96.1240386962891,85.9477005004883,75.9067230224609,"Webb , Texas"
48487,12.5651397705078,12.2530899047852,11.9960327148438,11.7678833007812,11.5588989257812,11.3650512695312,11.1841125488281,11.0145034790039,10.8550186157227,10.7046203613281,10.5625076293945,10.4279479980469,10.3003311157227,10.1791152954102,"Wilbarger , Texas"
50013,1.79045867919922,1.86367797851562,1.94539642333984,2.02677154541016,2.10824584960938,2.18972015380859,2.27118682861328,2.35256958007812,2.43382263183594,2.51490783691406,2.59577941894531,2.6763916015625,2.75668334960938,2.83660888671875,"Grand Isle , Vermont"
50019,2.76580047607422,2.85650634765625,2.93531036376953,3.01432800292969,3.09280395507812,3.17073822021484,3.24810028076172,3.32485961914062,3.40093994140625,3.47634124755859,3.55104064941406,3.62495422363281,3.69810485839844,3.77041625976562,"Orleans , Vermont"
50027,2.33439636230469,2.40321350097656,2.48507690429688,2.56599426269531,2.64669036865234,2.72709655761719,2.80718231201172,2.88687133789062,2.96611785888672,3.04490661621094,3.12318420410156,3.20090484619141,3.27803039550781,3.35452270507812,"Windsor , Vermont"
51001,2.69905853271484,2.79694366455078,2.87567901611328,2.95504760742188,3.03391265869141,3.11225891113281,3.1900634765625,3.26727294921875,3.34384918212891,3.41978454589844,3.49501037597656,3.56950378417969,3.64324188232422,3.71617126464844,"Accomack , Virginia"
51033,3.40775299072266,3.48225402832031,3.55692291259766,3.63079071044922,3.70386505126953,3.776123046875,3.8475341796875,3.91807556152344,3.98772430419922,4.05644226074219,4.12422180175781,4.19105529785156,4.25690460205078,4.32176208496094,"Caroline , Virginia"
51047,25.9007720947266,24.9794845581055,24.1223983764648,23.3389282226562,22.621166229248,21.9607238769531,21.3501586914062,20.7828903198242,20.2530784606934,19.7554702758789,19.2852478027344,18.8379364013672,18.409236907959,17.9949645996094,"Culpeper , Virginia"
51049,1.34824371337891,1.41749572753906,1.49781799316406,1.57793426513672,1.65840911865234,1.73918914794922,1.82019805908203,1.90137481689453,1.98272705078125,2.06417083740234,2.14563751220703,2.22712707519531,2.30854797363281,2.38987731933594,"Cumberland , Virginia"
51071,4.47761535644531,4.54145812988281,4.60152435302734,4.66069793701172,4.71881866455078,4.77586364746094,4.83185577392578,4.88677978515625,4.94065856933594,4.99349212646484,5.04529571533203,5.09606170654297,5.14582061767578,5.194580078125,"Giles , Virginia"
51081,1.45227813720703,1.52262115478516,1.60340881347656,1.68394470214844,1.76480102539062,1.84586334228516,1.92711639404297,2.00849151611328,2.08995819091797,2.17144012451172,2.25290679931641,2.33431243896484,2.41560363769531,2.49672698974609,"Greensville , Virginia"
51093,3.99374389648438,4.08090209960938,4.14724731445312,4.21381378173828,4.27930450439453,4.34382629394531,4.40732574462891,4.46978759765625,4.53125,4.59164428710938,4.6510009765625,4.70930480957031,4.76655578613281,4.82274627685547,"Isle of Wight , Virginia"
51097,1.18948364257812,1.25236511230469,1.33206176757812,1.41133117675781,1.49105072021484,1.57118225097656,1.65163421630859,1.73236846923828,1.81336975097656,1.89453887939453,1.97588348388672,2.05730438232422,2.13877868652344,2.22026824951172,"King and Queen , Virginia"
51147,3.60282897949219,3.66445922851562,3.73786163330078,3.80966949462891,3.88069152832031,3.9508056640625,4.02001953125,4.08830261230469,4.15564727783203,4.22202301025391,4.28739929199219,4.35179138183594,4.41516876220703,4.47750854492188,"Prince Edward , Virginia"
51157,0.7672119140625,0.8427734375,0.918380737304688,0.994728088378906,1.07168579101562,1.14927673339844,1.22744750976562,1.30610656738281,1.38527679443359,1.46488952636719,1.54488372802734,1.62523651123047,1.70589447021484,1.78679656982422,"Rappahannock , Virginia"
51159,1.09929656982422,1.16773986816406,1.24652862548828,1.32529449462891,1.40457916259766,1.48426818847656,1.56436920166016,1.64479827880859,1.72551727294922,1.80648803710938,1.88765716552734,1.96897125244141,2.05038452148438,2.13186645507812,"Richmond , Virginia"
51169,14.4284324645996,13.9863510131836,13.5618667602539,13.1718139648438,12.8238754272461,12.5161514282227,12.2419738769531,11.9944610595703,11.7682418823242,11.5595474243164,11.3657073974609,11.1847305297852,11.0150833129883,10.8555603027344,"Scott , Virginia"
51181,1.01297760009766,1.08070373535156,1.15886688232422,1.237060546875,1.31580352783203,1.39501190185547,1.47467041015625,1.55471038818359,1.63510131835938,1.71578216552734,1.79673004150391,1.87786865234375,1.95919036865234,2.04059600830078,"Surry , Virginia"
51195,22.0472755432129,21.4773941040039,20.9062843322754,20.3691215515137,19.8647727966309,19.3888206481934,18.9367294311523,18.5042114257812,18.0870590209961,17.6810874938965,17.2819938659668,16.8853225708008,16.4864196777344,16.08056640625,"Wise , Virginia"
51199,6.87905120849609,6.87824249267578,6.87924194335938,6.88356781005859,6.88925170898438,6.89551544189453,6.90200042724609,6.90848541259766,6.91488647460938,6.92115783691406,6.92726898193359,6.93321990966797,6.93901824951172,6.94464111328125,"York , Virginia"
51640,3.08502960205078,3.15787506103516,3.23562622070312,3.31246185302734,3.38865661621094,3.46417236328125,3.53898620605469,3.613037109375,3.68629455566406,3.75875854492188,3.83037567138672,3.901123046875,3.97098541259766,4.03993988037109,"Galax city , Virginia"
51650,21.2673835754395,20.7361145019531,20.2126960754395,19.717845916748,19.2496337890625,18.8039207458496,18.3765068054199,17.9631729125977,17.559741973877,17.1618728637695,16.7650299072266,16.3645133972168,15.9556694030762,15.5344886779785,"Hampton city , Virginia"
51660,8.98307037353516,8.81772613525391,8.74403381347656,8.68563842773438,8.63254547119141,8.58218383789062,8.53384399414062,8.48734283447266,8.44253540039062,8.39934539794922,8.35769653320312,8.31753540039062,8.27880859375,8.24143218994141,"Harrisonburg city , Virginia"
51720,1.07679748535156,1.14125823974609,1.22005462646484,1.29866027832031,1.37777709960938,1.45734405517578,1.53730773925781,1.61763000488281,1.69825744628906,1.77914428710938,1.86023712158203,1.94151306152344,2.02290344238281,2.1043701171875,"Norton city , Virginia"
53001,21.0214996337891,20.5163230895996,20.0077476501465,19.5246162414551,19.0661125183105,18.6283416748047,18.2071418762207,17.7983474731445,17.397705078125,17.0008087158203,16.6030464172363,16.1996955871582,15.786247253418,15.3593063354492,"Adams , Washington"
53011,147.042236328125,147.664367675781,143.268005371094,137.202056884766,130.469253540039,123.225372314453,115.366500854492,106.728302001953,97.2341156005859,87.1002883911133,76.9995422363281,67.8559417724609,60.2578544616699,54.1839065551758,"Clark , Washington"
53033,219.635986328125,218.749908447266,218.712249755859,218.710632324219,218.710571289062,218.710571289062,218.710571289062,218.710571289062,218.710571289062,218.710571289062,218.710571289062,218.710571289062,218.710571289062,218.710571289062,"King , Washington"
53045,7.34980010986328,7.32762908935547,7.314697265625,7.30611419677734,7.29945373535156,7.29374694824219,7.28852081298828,7.28359985351562,7.27890777587891,7.27438354492188,7.26999664306641,7.26577758789062,7.26168060302734,7.25771331787109,"Mason , Washington"
53069,0.606758117675781,0.672676086425781,0.74700927734375,0.82171630859375,0.897171020507812,0.973312377929688,1.05013275146484,1.12754058837891,1.20553588867188,1.28407287597656,1.36311340332031,1.44258880615234,1.52247619628906,1.60273742675781,"Wahkiakum , Washington"
54023,3.51008605957031,3.58615112304688,3.65961456298828,3.73237609863281,3.80429077148438,3.87537384033203,3.94556427001953,4.01484680175781,4.08319854736328,4.15061187744141,4.21705627441406,4.28251647949219,4.34698486328125,4.41042327880859,"Grant , West Virginia"
54067,5.782470703125,5.82621002197266,5.86078643798828,5.89504241943359,5.92835235595703,5.96077728271484,5.99229431152344,6.02297973632812,6.05284881591797,6.08194732666016,6.11029815673828,6.137939453125,6.16490173339844,6.19116973876953,"Nicholas , West Virginia"
54073,2.05537414550781,2.14013671875,2.22142791748047,2.30287933349609,2.38421630859375,2.46541595458984,2.54642486572266,2.62720489501953,2.70767974853516,2.78783416748047,2.86762237548828,2.94699096679688,3.02589416503906,3.10430145263672,"Pleasants , West Virginia"
54081,20.339900970459,19.8589820861816,19.3861503601074,18.9345855712891,18.5022239685059,18.0851364135742,17.6792068481445,17.2801399230957,16.883472442627,16.4845542907715,16.0786628723145,15.6614952087402,15.2302665710449,14.7856559753418,"Raleigh , West Virginia"
54083,10.3192520141602,10.101203918457,9.97957611083984,9.87221527099609,9.77110290527344,9.67473602294922,9.58267974853516,9.49464416503906,9.41037750244141,9.32966613769531,9.2523193359375,9.17813873291016,9.10697937011719,9.03866577148438,"Randolph , West Virginia"
54091,4.50291442871094,4.57732391357422,4.63610076904297,4.69471740722656,4.75220489501953,4.80862426757812,4.86399078369141,4.91829681396484,4.9715576171875,5.02378082275391,5.07494354248047,5.12511444091797,5.17427825927734,5.22246551513672,"Taylor , West Virginia"
55029,25.917610168457,24.9778366088867,24.1192512512207,23.3358879089355,22.6183586120605,21.9581298828125,21.3477554321289,20.7806434631348,20.2509841918945,19.7535018920898,19.2833862304688,18.8361587524414,18.4075241088867,17.9933052062988,"Door , Wisconsin"
55097,63.7428550720215,55.9990310668945,50.4492454528809,46.1535415649414,42.6296806335449,39.6519012451172,37.096996307373,34.8834419250488,32.9508476257324,31.2522392272949,29.7502250671387,28.4146270751953,27.2207946777344,26.1483955383301,"Portage , Wisconsin"
55107,29.606803894043,28.2303886413574,27.0495986938477,25.9935607910156,25.0403213500977,24.1754722595215,23.3871917724609,22.6654434204102,22.0015449523926,21.3879776000977,20.818115234375,20.2860641479492,19.7865409851074,19.3147087097168,"Rusk , Wisconsin"
55127,129.002380371094,128.380401611328,123.852066040039,117.290863037109,109.415153503418,100.448989868164,90.617301940918,80.4796295166016,70.9436187744141,62.7889633178711,56.2087631225586,50.9418182373047,46.6448745727539,43.0617370605469,"Walworth , Wisconsin"
55137,18.5875091552734,18.1684112548828,17.7607040405273,17.3606262207031,16.9638442993164,16.5657577514648,16.1616477966309,15.7470626831055,15.318775177002,14.8765754699707,14.4256820678711,13.978401184082,13.5520401000977,13.1619262695312,"Waushara , Wisconsin"
56019,4.96126556396484,5.02963256835938,5.07977294921875,5.12995147705078,5.17904663085938,5.22715759277344,5.27427673339844,5.32042694091797,5.36563110351562,5.40988922119141,5.45320892333984,5.49559020996094,5.53709411621094,5.57769775390625,"Johnson , Wyoming"
72005,7.97158050537109,7.94150543212891,7.91455841064453,7.88926696777344,7.86506652832031,7.841796875,7.81931304931641,7.79758453369141,7.77658843994141,7.75627136230469,7.73663330078125,7.71763610839844,7.69925689697266,7.68147277832031,"Aguadilla , Puerto Rico"
72019,7.76851654052734,7.717529296875,7.68885803222656,7.66753387451172,7.64927673339844,7.63253784179688,7.61668395996094,7.60148620605469,7.58681488037109,7.57264709472656,7.55895233154297,7.54569244384766,7.53284454345703,7.52041625976562,"Barranquitas , Puerto Rico"
72047,7.33155059814453,7.31763458251953,7.30720520019531,7.29984283447266,7.29379272460938,7.28844451904297,7.28347015380859,7.27874755859375,7.27421569824219,7.26984405517578,7.26561737060547,7.26152038574219,7.25754547119141,7.25371551513672,"Corozal , Puerto Rico"
72113,8.06930541992188,8.04190826416016,8.01382446289062,7.98595428466797,7.95879364013672,7.93247985839844,7.90702056884766,7.88237762451172,7.85857391357422,7.83554840087891,7.81330108642578,7.79177093505859,7.77097320556641,7.7508544921875,"Ponce , Puerto Rico"
72119,6.49408721923828,6.51223754882812,6.52922058105469,6.54595947265625,6.56237030029297,6.57839202880859,6.59403228759766,6.60926055908203,6.62409973144531,6.63854217529297,6.65257263183594,6.66625213623047,6.67955017089844,6.69248962402344,"Rio Grande , Puerto Rico"
